case:concept:name,concept:name,time:timestamp,lifecycle:transition,org:resource,EventOrigin,case:ApplicationType,case:LoanGoal,case:RequestedAmount
1,A_Create Application,2016-05-17 09:30:00.001000,complete,User_1,Application,New credit,Existing loan takeover,10000
6,A_Create Application,2016-05-17 09:39:31.025712,complete,User_10,Application,New credit,Car,10500
2,A_Create Application,2016-05-17 09:39:31.026712,complete,User_10,Application,New credit,Existing loan takeover,6000
8,A_Create Application,2016-05-17 09:42:48.827706,complete,User_10,Application,Limit raise,Home improvement,20500
2,A_Submitted,2016-05-17 09:46:11.745118,complete,User_1,Application,New credit,Existing loan takeover,6000
6,A_Submitted,2016-05-17 09:46:11.843118,complete,User_1,Application,New credit,Car,10500
2,A_Submitted,2016-05-17 09:46:11.941118,complete,User_1,Application,New credit,Existing loan takeover,6000
8,A_Submitted,2016-05-17 09:46:12.039118,complete,User_1,Application,Limit raise,Home improvement,20500
1,A_Submitted,2016-05-17 09:46:12.137118,complete,User_1,Application,New credit,Existing loan takeover,10000
2,A_Submitted,2016-05-17 09:46:12.235118,complete,User_1,Application,New credit,Existing loan takeover,6000
1,W_Handle leads,2016-05-17 09:46:13.010963,start,User_10,Workflow,New credit,Existing loan takeover,10000
1,W_Handle leads,2016-05-17 09:49:27.215476,complete,User_10,Workflow,New credit,Existing loan takeover,10000
2,W_Handle leads,2016-05-17 09:49:27.601871,start,User_10,Workflow,New credit,Existing loan takeover,6000
2,W_Handle leads,2016-05-17 09:52:41.806384,complete,User_10,Workflow,New credit,Existing loan takeover,6000
11,A_Create Application,2016-05-17 09:53:03.716852,complete,User_108,Application,New credit,Car,31000
3,A_Create Application,2016-05-17 09:53:03.717852,complete,User_108,Application,New credit,Car,20000
8,A_Create Application,2016-05-17 09:53:03.718852,complete,User_108,Application,Limit raise,Home improvement,20500
7,A_Create Application,2016-05-17 09:54:59.351800,complete,User_132,Application,New credit,Existing loan takeover,3000
4,A_Create Application,2016-05-17 09:54:59.352800,complete,User_132,Application,New credit,Car,40500
2,W_Handle leads,2016-05-17 09:56:17.923365,complete,User_108,Workflow,New credit,Existing loan takeover,6000
5,A_Create Application,2016-05-17 09:56:18.881481,start,User_108,Application,New credit,"Other, see explanation",35000
5,A_Create Application,2016-05-17 09:56:18.882481,complete,User_108,Application,New credit,"Other, see explanation",35000
12,A_Create Application,2016-05-17 09:56:18.883481,complete,User_108,Application,New credit,Existing loan takeover,12500
12,A_Submitted,2016-05-17 09:56:18.981481,complete,User_1,Application,New credit,Existing loan takeover,12500
11,A_Submitted,2016-05-17 09:56:19.079481,complete,User_1,Application,New credit,Car,31000
3,A_Submitted,2016-05-17 09:56:19.177481,complete,User_1,Application,New credit,Car,20000
8,A_Submitted,2016-05-17 09:56:19.275481,complete,User_1,Application,Limit raise,Home improvement,20500
3,A_Submitted,2016-05-17 09:56:19.373481,complete,User_1,Application,New credit,Car,20000
7,A_Submitted,2016-05-17 09:56:19.471481,complete,User_1,Application,New credit,Existing loan takeover,3000
4,A_Submitted,2016-05-17 09:56:19.569481,complete,User_1,Application,New credit,Car,40500
5,A_Submitted,2016-05-17 09:56:19.667481,complete,User_1,Application,New credit,"Other, see explanation",35000
3,W_Handle leads,2016-05-17 09:56:19.758546,start,User_104,Workflow,New credit,Car,20000
12,A_Submitted,2016-05-17 09:56:19.765481,complete,User_1,Application,New credit,Existing loan takeover,12500
14,A_Create Application,2016-05-17 09:56:30.502984,complete,User_1,Application,Limit raise,Home improvement,26000
10,A_Create Application,2016-05-17 09:59:10.949688,complete,User_25,Application,New credit,Remaining debt home,7000
6,W_Handle leads,2016-05-17 09:59:33.087994,complete,User_108,Workflow,New credit,Car,10500
11,W_Handle leads,2016-05-17 09:59:33.614144,start,User_108,Workflow,New credit,Car,31000
3,W_Handle leads,2016-05-17 09:59:33.963059,complete,User_104,Workflow,New credit,Car,20000
5,A_Create Application,2016-05-17 09:59:34.832445,start,User_104,Application,New credit,"Other, see explanation",35000
5,A_Create Application,2016-05-17 09:59:34.833445,complete,User_104,Application,New credit,"Other, see explanation",35000
7,A_Create Application,2016-05-17 09:59:34.834445,complete,User_104,Application,New credit,Existing loan takeover,3000
10,A_Create Application,2016-05-17 09:59:34.835445,complete,User_104,Application,New credit,Remaining debt home,7000
7,A_Submitted,2016-05-17 09:59:34.932445,complete,User_1,Application,New credit,Existing loan takeover,3000
10,A_Submitted,2016-05-17 09:59:35.030445,complete,User_1,Application,New credit,Remaining debt home,7000
5,A_Submitted,2016-05-17 09:59:35.128445,complete,User_1,Application,New credit,"Other, see explanation",35000
7,A_Submitted,2016-05-17 09:59:35.226445,complete,User_1,Application,New credit,Existing loan takeover,3000
8,W_Handle leads,2016-05-17 10:01:12.857908,start,User_2,Workflow,Limit raise,Home improvement,20500
11,W_Handle leads,2016-05-17 10:02:47.818657,complete,User_108,Workflow,New credit,Car,31000
7,W_Handle leads,2016-05-17 10:02:48.292677,start,User_108,Workflow,New credit,Existing loan takeover,3000
6,W_Handle leads,2016-05-17 10:02:49.039958,complete,User_104,Workflow,New credit,Car,10500
2,W_Handle leads,2016-05-17 10:02:49.373984,start,User_104,Workflow,New credit,Existing loan takeover,6000
8,W_Handle leads,2016-05-17 10:04:27.062421,complete,User_2,Workflow,Limit raise,Home improvement,20500
1,A_Concept,2016-05-17 10:04:27.219476,complete,User_1,Application,New credit,Existing loan takeover,10000
1,A_Concept,2016-05-17 10:04:27.223476,complete,User_1,Application,New credit,Existing loan takeover,10000
11,A_Concept,2016-05-17 10:04:27.227476,complete,User_1,Application,New credit,Car,31000
2,W_Handle leads,2016-05-17 10:04:27.233792,start,User_2,Workflow,New credit,Existing loan takeover,6000
7,W_Handle leads,2016-05-17 10:06:02.497190,complete,User_108,Workflow,New credit,Existing loan takeover,3000
8,W_Handle leads,2016-05-17 10:06:03.101461,start,User_108,Workflow,Limit raise,Home improvement,20500
2,W_Handle leads,2016-05-17 10:06:03.578497,complete,User_104,Workflow,New credit,Existing loan takeover,6000
2,A_Concept,2016-05-17 10:06:03.582497,complete,User_1,Application,New credit,Existing loan takeover,6000
12,W_Handle leads,2016-05-17 10:06:04.408201,start,User_104,Workflow,New credit,Existing loan takeover,12500
2,W_Handle leads,2016-05-17 10:07:41.438305,complete,User_2,Workflow,New credit,Existing loan takeover,6000
11,W_Complete application,2016-05-17 10:08:04.609490,start,User_10,Workflow,New credit,Car,31000
8,W_Handle leads,2016-05-17 10:09:17.305974,complete,User_108,Workflow,Limit raise,Home improvement,20500
8,A_Concept,2016-05-17 10:09:17.309974,complete,User_1,Application,Limit raise,Home improvement,20500
1,W_Complete application,2016-05-17 10:09:18.027189,start,User_108,Workflow,New credit,Existing loan takeover,10000
12,W_Handle leads,2016-05-17 10:09:18.612714,complete,User_104,Workflow,New credit,Existing loan takeover,12500
3,W_Handle leads,2016-05-17 10:09:19.116967,start,User_104,Workflow,New credit,Car,20000
4,W_Handle leads,2016-05-17 10:09:50.832391,start,User_25,Workflow,New credit,Car,40500
3,A_Concept,2016-05-17 10:11:19.181481,complete,User_1,Application,New credit,Car,20000
12,W_Handle leads,2016-05-17 10:11:20.492305,start,User_4,Workflow,New credit,Existing loan takeover,12500
3,W_Handle leads,2016-05-17 10:12:33.321480,complete,User_104,Workflow,New credit,Car,20000
6,W_Handle leads,2016-05-17 10:12:33.529131,start,User_104,Workflow,New credit,Car,10500
4,W_Handle leads,2016-05-17 10:13:05.036904,complete,User_25,Workflow,New credit,Car,40500
4,A_Concept,2016-05-17 10:13:05.040904,complete,User_22,Application,New credit,Car,40500
7,W_Handle leads,2016-05-17 10:13:05.866770,start,User_25,Workflow,New credit,Existing loan takeover,3000
12,W_Handle leads,2016-05-17 10:14:34.696818,complete,User_4,Workflow,New credit,Existing loan takeover,12500
10,W_Handle leads,2016-05-17 10:14:35.777624,start,User_3,Workflow,New credit,Remaining debt home,7000
6,W_Handle leads,2016-05-17 10:15:47.733644,complete,User_104,Workflow,New credit,Car,10500
2,W_Complete application,2016-05-17 10:15:48.190223,start,User_104,Workflow,New credit,Existing loan takeover,6000
2,A_Concept,2016-05-17 10:16:11.945118,complete,User_1,Application,New credit,Existing loan takeover,6000
6,A_Concept,2016-05-17 10:16:11.949118,complete,User_1,Application,New credit,Car,10500
12,A_Concept,2016-05-17 10:16:11.953118,complete,User_1,Application,New credit,Existing loan takeover,12500
6,A_Concept,2016-05-17 10:16:11.957118,complete,User_1,Application,New credit,Car,10500
2,W_Complete application,2016-05-17 10:16:12.405425,start,User_40,Workflow,New credit,Existing loan takeover,6000
2,W_Handle leads,2016-05-17 10:16:19.245417,complete,User_22,Workflow,New credit,Existing loan takeover,6000
3,W_Handle leads,2016-05-17 10:16:19.320295,start,User_22,Workflow,New credit,Car,20000
7,W_Handle leads,2016-05-17 10:16:20.071283,complete,User_25,Workflow,New credit,Existing loan takeover,3000
9,A_Create Application,2016-05-17 10:16:20.275637,start,User_25,Application,New credit,Car,10000
9,A_Create Application,2016-05-17 10:16:20.276637,complete,User_25,Application,New credit,Car,10000
10,W_Handle leads,2016-05-17 10:17:49.982137,complete,User_3,Workflow,New credit,Remaining debt home,7000
10,A_Submitted,2016-05-17 10:17:50.080137,complete,User_1,Application,New credit,Remaining debt home,7000
10,A_Submitted,2016-05-17 10:17:50.178137,complete,User_1,Application,New credit,Remaining debt home,7000
4,W_Handle leads,2016-05-17 10:17:50.417109,start,User_3,Workflow,New credit,Car,40500
3,W_Handle leads,2016-05-17 10:19:33.524808,complete,User_22,Workflow,New credit,Car,20000
4,A_Concept,2016-05-17 10:19:33.752351,start,User_22,Application,New credit,Car,40500
4,A_Concept,2016-05-17 10:19:33.756351,complete,User_22,Application,New credit,Car,40500
4,W_Handle leads,2016-05-17 10:21:04.621622,complete,User_3,Workflow,New credit,Car,40500
15,A_Create Application,2016-05-17 10:21:05.076856,start,User_3,Application,New credit,Existing loan takeover,28000
15,A_Create Application,2016-05-17 10:21:05.077856,complete,User_3,Application,New credit,Existing loan takeover,28000
2,A_Concept,2016-05-17 10:22:41.442305,complete,User_4,Application,New credit,Existing loan takeover,6000
2,A_Concept,2016-05-17 10:22:41.446305,complete,User_4,Application,New credit,Existing loan takeover,6000
5,W_Handle leads,2016-05-17 10:24:19.282369,complete,User_3,Workflow,New credit,"Other, see explanation",35000
12,W_Complete application,2016-05-17 10:24:19.356587,start,User_5,Workflow,New credit,Existing loan takeover,12500
2,A_Concept,2016-05-17 10:24:20.259705,start,User_3,Application,New credit,Existing loan takeover,6000
2,A_Concept,2016-05-17 10:24:20.263705,complete,User_3,Application,New credit,Existing loan takeover,6000
7,W_Handle leads,2016-05-17 10:25:00.085302,start,User_62,Workflow,New credit,Existing loan takeover,3000
8,W_Complete application,2016-05-17 10:26:19.405828,start,User_34,Workflow,Limit raise,Home improvement,20500
10,W_Handle leads,2016-05-17 10:27:34.468218,complete,User_3,Workflow,New credit,Remaining debt home,7000
10,W_Handle leads,2016-05-17 10:27:34.683924,start,User_67,Workflow,New credit,Remaining debt home,7000
2,W_Complete application,2016-05-17 10:27:34.752877,start,User_3,Workflow,New credit,Existing loan takeover,6000
7,W_Handle leads,2016-05-17 10:28:14.289815,complete,User_62,Workflow,New credit,Existing loan takeover,3000
3,W_Complete application,2016-05-17 10:28:14.866302,start,User_62,Workflow,New credit,Car,20000
15,A_Submitted,2016-05-17 10:28:44.458635,complete,User_1,Application,New credit,Existing loan takeover,28000
14,A_Submitted,2016-05-17 10:28:44.556635,complete,User_1,Application,Limit raise,Home improvement,26000
9,A_Submitted,2016-05-17 10:28:44.654635,complete,User_1,Application,New credit,Car,10000
15,A_Submitted,2016-05-17 10:28:44.752635,complete,User_1,Application,New credit,Existing loan takeover,28000
7,A_Concept,2016-05-17 10:29:34.936445,complete,User_1,Application,New credit,Existing loan takeover,3000
10,W_Handle leads,2016-05-17 10:30:48.888437,complete,User_67,Workflow,New credit,Remaining debt home,7000
7,A_Concept,2016-05-17 10:30:49.678792,start,User_67,Application,New credit,Existing loan takeover,3000
7,A_Concept,2016-05-17 10:30:49.682792,complete,User_67,Application,New credit,Existing loan takeover,3000
12,W_Complete application,2016-05-17 10:31:12.847783,start,User_50,Workflow,New credit,Existing loan takeover,12500
15,W_Handle leads,2016-05-17 10:34:03.887305,complete,User_67,Workflow,New credit,Existing loan takeover,28000
7,W_Complete application,2016-05-17 10:34:04.306429,start,User_67,Workflow,New credit,Existing loan takeover,3000
3,A_Concept,2016-05-17 10:34:33.528808,complete,User_1,Application,New credit,Car,20000
15,W_Handle leads,2016-05-17 10:36:05.650456,start,User_9,Workflow,New credit,Existing loan takeover,28000
15,W_Handle leads,2016-05-17 10:39:19.854969,complete,User_9,Workflow,New credit,Existing loan takeover,28000
15,W_Handle leads,2016-05-17 10:39:20.700699,start,User_53,Workflow,New credit,Existing loan takeover,28000
15,W_Handle leads,2016-05-17 10:39:20.833954,start,User_9,Workflow,New credit,Existing loan takeover,28000
14,W_Handle leads,2016-05-17 10:41:30.989537,start,User_16,Workflow,Limit raise,Home improvement,26000
15,W_Handle leads,2016-05-17 10:42:34.905212,complete,User_53,Workflow,New credit,Existing loan takeover,28000
15,W_Handle leads,2016-05-17 10:42:35.038467,complete,User_9,Workflow,New credit,Existing loan takeover,28000
15,W_Handle leads,2016-05-17 10:42:35.415142,start,User_9,Workflow,New credit,Existing loan takeover,28000
15,W_Handle leads,2016-05-17 10:42:35.811875,start,User_53,Workflow,New credit,Existing loan takeover,28000
9,W_Handle leads,2016-05-17 10:42:55.492718,start,User_36,Workflow,New credit,Car,10000
5,W_Handle leads,2016-05-17 10:44:35.573759,start,User_23,Workflow,New credit,"Other, see explanation",35000
14,W_Handle leads,2016-05-17 10:44:45.194050,complete,User_16,Workflow,Limit raise,Home improvement,26000
8,W_Handle leads,2016-05-17 10:44:46.172653,start,User_16,Workflow,Limit raise,Home improvement,20500
15,W_Handle leads,2016-05-17 10:45:49.619655,complete,User_9,Workflow,New credit,Existing loan takeover,28000
2,W_Complete application,2016-05-17 10:45:49.659553,start,User_9,Workflow,New credit,Existing loan takeover,6000
15,W_Handle leads,2016-05-17 10:45:50.016388,complete,User_53,Workflow,New credit,Existing loan takeover,28000
15,A_Concept,2016-05-17 10:45:50.020388,complete,User_1,Application,New credit,Existing loan takeover,28000
12,A_Concept,2016-05-17 10:45:50.024388,complete,User_1,Application,New credit,Existing loan takeover,12500
15,A_Concept,2016-05-17 10:45:50.028388,complete,User_1,Application,New credit,Existing loan takeover,28000
15,A_Concept,2016-05-17 10:45:50.032388,complete,User_1,Application,New credit,Existing loan takeover,28000
15,A_Concept,2016-05-17 10:45:50.036388,complete,User_1,Application,New credit,Existing loan takeover,28000
15,A_Concept,2016-05-17 10:45:50.040388,complete,User_1,Application,New credit,Existing loan takeover,28000
12,A_Concept,2016-05-17 10:45:50.044388,complete,User_1,Application,New credit,Existing loan takeover,12500
14,A_Concept,2016-05-17 10:45:50.048388,complete,User_1,Application,Limit raise,Home improvement,26000
15,A_Concept,2016-05-17 10:45:50.052388,complete,User_1,Application,New credit,Existing loan takeover,28000
15,A_Concept,2016-05-17 10:45:50.056388,complete,User_1,Application,New credit,Existing loan takeover,28000
2,W_Complete application,2016-05-17 10:45:50.575756,start,User_53,Workflow,New credit,Existing loan takeover,6000
9,W_Handle leads,2016-05-17 10:46:09.697231,complete,User_36,Workflow,New credit,Car,10000
9,W_Handle leads,2016-05-17 10:46:10.683535,start,User_36,Workflow,New credit,Car,10000
6,W_Complete application,2016-05-17 10:46:12.840976,start,User_45,Workflow,New credit,Car,10500
5,W_Handle leads,2016-05-17 10:47:49.778272,complete,User_23,Workflow,New credit,"Other, see explanation",35000
8,W_Handle leads,2016-05-17 10:47:49.968611,start,User_23,Workflow,Limit raise,Home improvement,20500
8,W_Handle leads,2016-05-17 10:48:00.377166,complete,User_16,Workflow,Limit raise,Home improvement,20500
5,W_Handle leads,2016-05-17 10:48:01.063696,start,User_16,Workflow,New credit,"Other, see explanation",35000
9,W_Handle leads,2016-05-17 10:49:24.888048,complete,User_36,Workflow,New credit,Car,10000
9,A_Concept,2016-05-17 10:49:24.892048,complete,User_1,Application,New credit,Car,10000
9,A_Concept,2016-05-17 10:49:24.896048,complete,User_1,Application,New credit,Car,10000
8,A_Concept,2016-05-17 10:49:24.900048,complete,User_1,Application,Limit raise,Home improvement,20500
9,A_Concept,2016-05-17 10:49:24.904048,complete,User_1,Application,New credit,Car,10000
4,W_Complete application,2016-05-17 10:49:25.506458,start,User_36,Workflow,New credit,Car,40500
8,W_Complete application,2016-05-17 10:49:27.506457,start,User_31,Workflow,Limit raise,Home improvement,20500
8,W_Handle leads,2016-05-17 10:51:04.173124,complete,User_23,Workflow,Limit raise,Home improvement,20500
8,A_Concept,2016-05-17 10:51:05.017690,start,User_23,Application,Limit raise,Home improvement,20500
8,A_Concept,2016-05-17 10:51:05.021690,complete,User_23,Application,Limit raise,Home improvement,20500
8,W_Complete application,2016-05-17 10:51:05.808556,start,User_59,Workflow,Limit raise,Home improvement,20500
5,W_Handle leads,2016-05-17 10:51:15.268209,complete,User_16,Workflow,New credit,"Other, see explanation",35000
7,W_Handle leads,2016-05-17 10:51:15.840132,start,User_16,Workflow,New credit,Existing loan takeover,3000
5,A_Concept,2016-05-17 10:54:19.286369,complete,User_1,Application,New credit,"Other, see explanation",35000
5,A_Concept,2016-05-17 10:54:19.290369,complete,User_1,Application,New credit,"Other, see explanation",35000
5,A_Concept,2016-05-17 10:54:19.294369,complete,User_1,Application,New credit,"Other, see explanation",35000
5,A_Concept,2016-05-17 10:54:19.298369,complete,User_1,Application,New credit,"Other, see explanation",35000
7,W_Handle leads,2016-05-17 10:54:30.044645,complete,User_16,Workflow,New credit,Existing loan takeover,3000
8,W_Complete application,2016-05-17 10:54:30.460384,start,User_16,Workflow,Limit raise,Home improvement,20500
15,W_Complete application,2016-05-17 10:58:44.483780,start,User_73,Workflow,New credit,Existing loan takeover,28000
15,W_Complete application,2016-05-17 11:00:50.998426,start,User_86,Workflow,New credit,Existing loan takeover,28000
9,W_Complete application,2016-05-17 11:01:20.837034,start,User_81,Workflow,New credit,Car,10000
7,W_Complete application,2016-05-17 11:06:03.167302,start,User_24,Workflow,New credit,Existing loan takeover,3000
3,W_Complete application,2016-05-17 11:11:19.714963,start,User_46,Workflow,New credit,Car,20000
7,W_Complete application,2016-05-17 11:14:35.907537,start,User_132,Workflow,New credit,Existing loan takeover,3000
15,W_Complete application,2016-05-17 11:15:50.158845,start,User_21,Workflow,New credit,Existing loan takeover,28000
15,W_Complete application,2016-05-17 11:19:04.207322,start,User_52,Workflow,New credit,Existing loan takeover,28000
17,A_Create Application,2016-05-17 11:20:08.353427,complete,User_1,Application,New credit,Unknown,6500
17,A_Create Application,2016-05-17 11:20:08.354427,complete,User_1,Application,New credit,Unknown,6500
7,A_Concept,2016-05-17 11:20:08.358427,complete,User_1,Application,New credit,Existing loan takeover,3000
16,A_Create Application,2016-05-17 11:20:08.359427,complete,User_1,Application,New credit,"Other, see explanation",13000
17,A_Create Application,2016-05-17 11:20:08.360427,complete,User_1,Application,New credit,Unknown,6500
17,A_Submitted,2016-05-17 11:20:08.458427,complete,User_1,Application,New credit,Unknown,6500
17,A_Submitted,2016-05-17 11:20:08.556427,complete,User_1,Application,New credit,Unknown,6500
16,A_Submitted,2016-05-17 11:20:08.654427,complete,User_1,Application,New credit,"Other, see explanation",13000
17,A_Submitted,2016-05-17 11:20:08.752427,complete,User_1,Application,New credit,Unknown,6500
4,W_Complete application,2016-05-17 11:21:04.735994,start,User_47,Workflow,New credit,Car,40500
5,W_Complete application,2016-05-17 11:24:19.653651,start,User_60,Workflow,New credit,"Other, see explanation",35000
15,W_Complete application,2016-05-17 11:27:35.088671,start,User_65,Workflow,New credit,Existing loan takeover,28000
15,W_Complete application,2016-05-17 11:30:50.225792,start,User_66,Workflow,New credit,Existing loan takeover,28000
6,W_Complete application,2016-05-17 11:31:12.399137,start,User_97,Workflow,New credit,Car,10500
11,W_Complete application,2016-05-17 11:33:00.216964,complete,User_10,Workflow,New credit,Car,31000
2,W_Handle leads,2016-05-17 11:33:01.028309,start,User_10,Workflow,New credit,Existing loan takeover,6000
16,W_Handle leads,2016-05-17 11:34:09.263031,start,User_94,Workflow,New credit,"Other, see explanation",13000
1,W_Complete application,2016-05-17 11:34:13.634663,complete,User_108,Workflow,New credit,Existing loan takeover,10000
3,W_Handle leads,2016-05-17 11:34:14.210410,start,User_108,Workflow,New credit,Car,20000
17,W_Handle leads,2016-05-17 11:35:08.573398,start,User_7,Workflow,New credit,Unknown,6500
17,W_Handle leads,2016-05-17 11:35:09.499025,start,User_96,Workflow,New credit,Unknown,6500
2,W_Handle leads,2016-05-17 11:36:15.232822,complete,User_10,Workflow,New credit,Existing loan takeover,6000
6,W_Handle leads,2016-05-17 11:36:15.929245,start,User_10,Workflow,New credit,Car,10500
16,W_Handle leads,2016-05-17 11:37:23.467544,complete,User_94,Workflow,New credit,"Other, see explanation",13000
15,W_Complete application,2016-05-17 11:37:24.024321,start,User_94,Workflow,New credit,Existing loan takeover,28000
3,W_Handle leads,2016-05-17 11:37:28.414923,complete,User_108,Workflow,New credit,Car,20000
3,W_Complete application,2016-05-17 11:37:29.405869,start,User_108,Workflow,New credit,Car,20000
17,W_Handle leads,2016-05-17 11:38:22.777911,complete,User_7,Workflow,New credit,Unknown,6500
15,W_Complete application,2016-05-17 11:38:23.688058,start,User_7,Workflow,New credit,Existing loan takeover,28000
17,W_Handle leads,2016-05-17 11:38:23.703538,complete,User_96,Workflow,New credit,Unknown,6500
4,W_Complete application,2016-05-17 11:38:23.972471,start,User_96,Workflow,New credit,Car,40500
6,W_Handle leads,2016-05-17 11:39:30.133758,complete,User_10,Workflow,New credit,Car,10500
2,W_Handle leads,2016-05-17 11:39:30.474269,start,User_10,Workflow,New credit,Existing loan takeover,6000
2,W_Complete application,2016-05-17 11:40:43.797697,complete,User_104,Workflow,New credit,Existing loan takeover,6000
5,W_Handle leads,2016-05-17 11:40:43.921201,start,User_104,Workflow,New credit,"Other, see explanation",35000
2,W_Complete application,2016-05-17 11:41:08.012899,complete,User_40,Workflow,New credit,Existing loan takeover,6000
2,A_Concept,2016-05-17 11:41:08.313776,start,User_40,Application,New credit,Existing loan takeover,6000
2,A_Concept,2016-05-17 11:41:08.317776,complete,User_40,Application,New credit,Existing loan takeover,6000
2,A_Accepted,2016-05-17 11:41:09.341776,complete,User_85,Application,New credit,Existing loan takeover,6000
3,W_Complete application,2016-05-17 11:41:15.884111,complete,User_25,Workflow,New credit,Car,20000
6,W_Complete application,2016-05-17 11:41:16.379094,start,User_25,Workflow,New credit,Car,10500
2,W_Handle leads,2016-05-17 11:42:44.678782,complete,User_10,Workflow,New credit,Existing loan takeover,6000
2,W_Complete application,2016-05-17 11:42:44.876761,start,User_10,Workflow,New credit,Existing loan takeover,6000
2,A_Accepted,2016-05-17 11:42:45.702782,complete,User_13,Application,New credit,Existing loan takeover,6000
5,W_Handle leads,2016-05-17 11:43:58.125714,complete,User_104,Workflow,New credit,"Other, see explanation",35000
8,W_Complete application,2016-05-17 11:43:58.198463,start,User_104,Workflow,Limit raise,Home improvement,20500
10,W_Handle leads,2016-05-17 11:44:23.546289,complete,User_85,Workflow,New credit,Remaining debt home,7000
10,W_Handle leads,2016-05-17 11:44:23.624191,start,User_84,Workflow,New credit,Remaining debt home,7000
2,W_Complete application,2016-05-17 11:44:23.948025,start,User_85,Workflow,New credit,Existing loan takeover,6000
4,W_Complete application,2016-05-17 11:44:29.363825,complete,User_22,Workflow,New credit,Car,40500
4,W_Complete application,2016-05-17 11:44:30.348961,start,User_22,Workflow,New credit,Car,40500
10,A_Concept,2016-05-17 11:45:48.892437,complete,User_1,Application,New credit,Remaining debt home,7000
16,A_Concept,2016-05-17 11:45:48.896437,complete,User_1,Application,New credit,"Other, see explanation",13000
3,A_Concept,2016-05-17 11:45:48.900437,complete,User_1,Application,New credit,Car,20000
3,A_Concept,2016-05-17 11:45:48.904437,complete,User_1,Application,New credit,Car,20000
6,A_Concept,2016-05-17 11:45:48.908437,complete,User_1,Application,New credit,Car,10500
6,A_Concept,2016-05-17 11:45:48.912437,complete,User_1,Application,New credit,Car,10500
18,A_Create Application,2016-05-17 11:45:48.913437,complete,User_1,Application,New credit,Car,12000
10,A_Concept,2016-05-17 11:45:48.917437,complete,User_1,Application,New credit,Remaining debt home,7000
6,A_Concept,2016-05-17 11:45:48.921437,complete,User_1,Application,New credit,Car,10500
10,A_Concept,2016-05-17 11:45:48.925437,complete,User_1,Application,New credit,Remaining debt home,7000
19,A_Create Application,2016-05-17 11:45:48.926437,complete,User_1,Application,New credit,Existing loan takeover,9500
18,A_Submitted,2016-05-17 11:45:49.024437,complete,User_1,Application,New credit,Car,12000
10,W_Complete application,2016-05-17 11:45:49.761095,start,User_91,Workflow,New credit,Remaining debt home,7000
17,W_Handle leads,2016-05-17 11:45:59.907295,complete,User_13,Workflow,New credit,Unknown,6500
3,A_Accepted,2016-05-17 11:46:00.896806,start,User_13,Application,New credit,Car,20000
3,A_Accepted,2016-05-17 11:46:01.920806,complete,User_13,Application,New credit,Car,20000
2,A_Accepted,2016-05-17 11:46:02.944806,complete,User_13,Application,New credit,Existing loan takeover,6000
2,O_Create Offer,2016-05-17 11:46:03.407806,complete,User_13,Offer,New credit,Existing loan takeover,6000
10,W_Handle leads,2016-05-17 11:47:37.828704,complete,User_84,Workflow,New credit,Remaining debt home,7000
17,W_Handle leads,2016-05-17 11:47:38.660534,start,User_84,Workflow,New credit,Unknown,6500
12,W_Complete application,2016-05-17 11:49:14.964061,complete,User_5,Workflow,New credit,Existing loan takeover,12500
2,W_Complete application,2016-05-17 11:49:15.470852,start,User_5,Workflow,New credit,Existing loan takeover,6000
12,A_Accepted,2016-05-17 11:49:15.988061,complete,User_20,Application,New credit,Existing loan takeover,12500
17,A_Concept,2016-05-17 11:50:08.358427,complete,User_1,Application,New credit,Unknown,6500
17,A_Concept,2016-05-17 11:50:08.362427,complete,User_1,Application,New credit,Unknown,6500
17,W_Complete application,2016-05-17 11:50:08.746245,start,User_64,Workflow,New credit,Unknown,6500
17,W_Handle leads,2016-05-17 11:50:52.865047,complete,User_84,Workflow,New credit,Unknown,6500
10,W_Handle leads,2016-05-17 11:50:53.102141,start,User_84,Workflow,New credit,Remaining debt home,7000
8,W_Complete application,2016-05-17 11:51:15.013302,complete,User_34,Workflow,Limit raise,Home improvement,20500
7,W_Handle leads,2016-05-17 11:51:16.005060,start,User_34,Workflow,New credit,Existing loan takeover,3000
16,W_Complete application,2016-05-17 11:52:24.072451,start,User_70,Workflow,New credit,"Other, see explanation",13000
2,W_Complete application,2016-05-17 11:52:30.360351,complete,User_3,Workflow,New credit,Existing loan takeover,6000
3,W_Complete application,2016-05-17 11:52:31.257676,start,User_3,Workflow,New credit,Car,20000
3,W_Complete application,2016-05-17 11:53:10.473776,complete,User_62,Workflow,New credit,Car,20000
8,W_Complete application,2016-05-17 11:53:10.958862,start,User_62,Workflow,Limit raise,Home improvement,20500
10,W_Handle leads,2016-05-17 11:54:07.306654,complete,User_84,Workflow,New credit,Remaining debt home,7000
4,A_Accepted,2016-05-17 11:54:08.156172,start,User_84,Application,New credit,Car,40500
4,A_Accepted,2016-05-17 11:54:09.180172,complete,User_84,Application,New credit,Car,40500
7,W_Handle leads,2016-05-17 11:54:30.209573,complete,User_34,Workflow,New credit,Existing loan takeover,3000
7,W_Handle leads,2016-05-17 11:54:30.687111,start,User_34,Workflow,New credit,Existing loan takeover,3000
12,W_Complete application,2016-05-17 11:56:08.455257,complete,User_50,Workflow,New credit,Existing loan takeover,12500
2,O_Create Offer,2016-05-17 11:56:08.475899,complete,User_2,Offer,New credit,Existing loan takeover,6000
6,W_Complete application,2016-05-17 11:56:09.110537,start,User_50,Workflow,New credit,Car,10500
7,W_Handle leads,2016-05-17 11:57:44.891624,complete,User_34,Workflow,New credit,Existing loan takeover,3000
2,W_Complete application,2016-05-17 11:57:45.728389,start,User_34,Workflow,New credit,Existing loan takeover,6000
7,W_Complete application,2016-05-17 11:58:59.913903,complete,User_67,Workflow,New credit,Existing loan takeover,3000
8,W_Complete application,2016-05-17 11:59:00.504893,start,User_67,Workflow,Limit raise,Home improvement,20500
18,W_Handle leads,2016-05-17 12:00:49.278145,start,User_43,Workflow,New credit,Car,12000
17,W_Complete application,2016-05-17 12:00:59.916837,start,User_41,Workflow,New credit,Unknown,6500
18,W_Handle leads,2016-05-17 12:04:03.482658,complete,User_43,Workflow,New credit,Car,12000
15,W_Complete application,2016-05-17 12:04:04.447618,start,User_43,Workflow,New credit,Existing loan takeover,28000
3,O_Create Offer,2016-05-17 12:08:10.936776,complete,User_12,Offer,New credit,Car,20000
2,W_Complete application,2016-05-17 12:10:45.267027,complete,User_9,Workflow,New credit,Existing loan takeover,6000
6,W_Complete application,2016-05-17 12:10:45.779521,start,User_9,Workflow,New credit,Car,10500
2,W_Complete application,2016-05-17 12:10:46.183230,complete,User_53,Workflow,New credit,Existing loan takeover,6000
10,W_Handle leads,2016-05-17 12:10:46.785922,start,User_53,Workflow,New credit,Remaining debt home,7000
6,W_Complete application,2016-05-17 12:11:08.448450,complete,User_45,Workflow,New credit,Car,10500
14,W_Complete application,2016-05-17 12:11:09.334142,start,User_45,Workflow,Limit raise,Home improvement,26000
6,A_Accepted,2016-05-17 12:11:09.472450,complete,User_4,Application,New credit,Car,10500
10,W_Handle leads,2016-05-17 12:14:00.990435,complete,User_53,Workflow,New credit,Remaining debt home,7000
15,W_Complete application,2016-05-17 12:14:01.118918,start,User_53,Workflow,New credit,Existing loan takeover,28000
4,W_Complete application,2016-05-17 12:14:21.113932,complete,User_36,Workflow,New credit,Car,40500
15,W_Complete application,2016-05-17 12:14:21.272267,start,User_36,Workflow,New credit,Existing loan takeover,28000
8,W_Complete application,2016-05-17 12:14:23.113931,complete,User_31,Workflow,Limit raise,Home improvement,20500
10,W_Handle leads,2016-05-17 12:14:23.170375,start,User_31,Workflow,New credit,Remaining debt home,7000
19,A_Submitted,2016-05-17 12:15:38.265795,complete,User_1,Application,New credit,Existing loan takeover,9500
21,A_Create Application,2016-05-17 12:15:38.266795,complete,User_1,Application,New credit,Existing loan takeover,84000
19,A_Submitted,2016-05-17 12:15:38.364795,complete,User_1,Application,New credit,Existing loan takeover,9500
19,A_Submitted,2016-05-17 12:15:38.462795,complete,User_1,Application,New credit,Existing loan takeover,9500
18,A_Concept,2016-05-17 12:15:38.466795,complete,User_1,Application,New credit,Car,12000
17,A_Concept,2016-05-17 12:15:38.470795,complete,User_1,Application,New credit,Unknown,6500
17,A_Concept,2016-05-17 12:15:38.474795,complete,User_1,Application,New credit,Unknown,6500
17,A_Concept,2016-05-17 12:15:38.478795,complete,User_1,Application,New credit,Unknown,6500
17,A_Concept,2016-05-17 12:15:38.482795,complete,User_1,Application,New credit,Unknown,6500
20,A_Create Application,2016-05-17 12:15:38.483795,complete,User_1,Application,Limit raise,Car,5500
17,A_Concept,2016-05-17 12:15:38.487795,complete,User_1,Application,New credit,Unknown,6500
22,A_Create Application,2016-05-17 12:15:38.488795,complete,User_1,Application,New credit,Home improvement,15000
21,A_Create Application,2016-05-17 12:15:38.489795,complete,User_1,Application,New credit,Existing loan takeover,84000
18,A_Concept,2016-05-17 12:15:38.493795,complete,User_1,Application,New credit,Car,12000
19,A_Submitted,2016-05-17 12:15:38.591795,complete,User_1,Application,New credit,Existing loan takeover,9500
23,A_Create Application,2016-05-17 12:15:38.592795,complete,User_1,Application,Limit raise,Unknown,6500
24,A_Create Application,2016-05-17 12:15:38.593795,complete,User_1,Application,Limit raise,Home improvement,3500
21,A_Submitted,2016-05-17 12:15:38.691795,complete,User_1,Application,New credit,Existing loan takeover,84000
20,A_Submitted,2016-05-17 12:15:38.789795,complete,User_1,Application,Limit raise,Car,5500
22,A_Submitted,2016-05-17 12:15:38.887795,complete,User_1,Application,New credit,Home improvement,15000
21,A_Submitted,2016-05-17 12:15:38.985795,complete,User_1,Application,New credit,Existing loan takeover,84000
22,W_Handle leads,2016-05-17 12:15:39.041798,start,User_15,Workflow,New credit,Home improvement,15000
23,A_Submitted,2016-05-17 12:15:39.083795,complete,User_1,Application,Limit raise,Unknown,6500
24,A_Submitted,2016-05-17 12:15:39.181795,complete,User_1,Application,Limit raise,Home improvement,3500
3,O_Created,2016-05-17 12:15:48.989437,complete,User_28,Offer,New credit,Car,20000
2,W_Complete application,2016-05-17 12:16:00.629164,complete,User_23,Workflow,New credit,Existing loan takeover,6000
8,W_Complete application,2016-05-17 12:16:01.416030,complete,User_59,Workflow,Limit raise,Home improvement,20500
14,W_Handle leads,2016-05-17 12:16:01.491517,start,User_23,Workflow,Limit raise,Home improvement,26000
3,W_Complete application,2016-05-17 12:16:02.285918,start,User_59,Workflow,New credit,Car,20000
10,W_Handle leads,2016-05-17 12:17:37.374888,complete,User_31,Workflow,New credit,Remaining debt home,7000
10,W_Handle leads,2016-05-17 12:17:38.090218,start,User_31,Workflow,New credit,Remaining debt home,7000
22,W_Handle leads,2016-05-17 12:18:53.246311,complete,User_15,Workflow,New credit,Home improvement,15000
15,W_Complete application,2016-05-17 12:18:54.210534,start,User_15,Workflow,New credit,Existing loan takeover,28000
6,W_Handle leads,2016-05-17 12:19:03.193950,complete,User_28,Workflow,New credit,Car,10500
10,W_Handle leads,2016-05-17 12:19:03.450904,start,User_28,Workflow,New credit,Remaining debt home,7000
14,W_Handle leads,2016-05-17 12:19:15.696030,complete,User_23,Workflow,Limit raise,Home improvement,26000
14,A_Concept,2016-05-17 12:19:15.700030,complete,User_1,Application,Limit raise,Home improvement,26000
22,A_Concept,2016-05-17 12:19:15.704030,complete,User_1,Application,New credit,Home improvement,15000
14,A_Concept,2016-05-17 12:19:15.708030,complete,User_1,Application,Limit raise,Home improvement,26000
5,W_Handle leads,2016-05-17 12:19:16.461031,start,User_23,Workflow,New credit,"Other, see explanation",35000
8,W_Complete application,2016-05-17 12:19:26.067858,complete,User_16,Workflow,Limit raise,Home improvement,20500
5,W_Handle leads,2016-05-17 12:19:26.495486,start,User_16,Workflow,New credit,"Other, see explanation",35000
10,W_Handle leads,2016-05-17 12:20:52.294731,complete,User_31,Workflow,New credit,Remaining debt home,7000
2,W_Complete application,2016-05-17 12:20:52.511082,start,User_31,Workflow,New credit,Existing loan takeover,6000
10,W_Handle leads,2016-05-17 12:22:17.655417,complete,User_28,Workflow,New credit,Remaining debt home,7000
10,W_Complete application,2016-05-17 12:22:18.291980,start,User_77,Workflow,New credit,Remaining debt home,7000
7,W_Handle leads,2016-05-17 12:22:18.626861,start,User_28,Workflow,New credit,Existing loan takeover,3000
5,W_Handle leads,2016-05-17 12:22:30.665544,complete,User_23,Workflow,New credit,"Other, see explanation",35000
15,W_Complete application,2016-05-17 12:22:31.607609,start,User_23,Workflow,New credit,Existing loan takeover,28000
5,W_Handle leads,2016-05-17 12:22:40.699999,complete,User_16,Workflow,New credit,"Other, see explanation",35000
7,W_Complete application,2016-05-17 12:22:40.893491,start,User_16,Workflow,New credit,Existing loan takeover,3000
20,W_Handle leads,2016-05-17 12:22:41.050553,start,User_33,Workflow,Limit raise,Car,5500
15,W_Complete application,2016-05-17 12:23:40.091254,complete,User_73,Workflow,New credit,Existing loan takeover,28000
15,W_Complete application,2016-05-17 12:23:40.862939,start,User_73,Workflow,New credit,Existing loan takeover,28000
7,W_Handle leads,2016-05-17 12:25:32.831374,complete,User_28,Workflow,New credit,Existing loan takeover,3000
4,W_Complete application,2016-05-17 12:25:33.367852,start,User_28,Workflow,New credit,Car,40500
15,W_Complete application,2016-05-17 12:25:46.605900,complete,User_86,Workflow,New credit,Existing loan takeover,28000
10,W_Handle leads,2016-05-17 12:25:47.196153,start,User_86,Workflow,New credit,Remaining debt home,7000
20,W_Handle leads,2016-05-17 12:25:55.255066,complete,User_33,Workflow,Limit raise,Car,5500
5,W_Complete application,2016-05-17 12:25:55.668358,start,User_33,Workflow,New credit,"Other, see explanation",35000
9,W_Complete application,2016-05-17 12:26:16.444508,complete,User_81,Workflow,New credit,Car,10000
15,W_Complete application,2016-05-17 12:26:17.323302,start,User_81,Workflow,New credit,Existing loan takeover,28000
10,W_Handle leads,2016-05-17 12:29:01.400666,complete,User_86,Workflow,New credit,Remaining debt home,7000
4,W_Complete application,2016-05-17 12:29:02.123689,start,User_86,Workflow,New credit,Car,40500
4,O_Create Offer,2016-05-17 12:29:29.826825,complete,User_98,Offer,New credit,Car,40500
18,W_Complete application,2016-05-17 12:30:39.367153,start,User_88,Workflow,New credit,Car,12000
21,W_Handle leads,2016-05-17 12:30:39.837896,start,User_61,Workflow,New credit,Existing loan takeover,84000
7,W_Complete application,2016-05-17 12:30:58.774776,complete,User_24,Workflow,New credit,Existing loan takeover,3000
4,W_Complete application,2016-05-17 12:30:59.456184,start,User_24,Workflow,New credit,Car,40500
21,W_Handle leads,2016-05-17 12:33:54.042409,complete,User_61,Workflow,New credit,Existing loan takeover,84000
23,W_Handle leads,2016-05-17 12:33:54.449504,start,User_61,Workflow,Limit raise,Unknown,6500
3,W_Complete application,2016-05-17 12:36:15.322437,complete,User_46,Workflow,New credit,Car,20000
7,W_Complete application,2016-05-17 12:36:15.436476,start,User_46,Workflow,New credit,Existing loan takeover,3000
23,W_Handle leads,2016-05-17 12:37:08.654017,complete,User_61,Workflow,Limit raise,Unknown,6500
10,W_Complete application,2016-05-17 12:37:09.236385,start,User_61,Workflow,New credit,Remaining debt home,7000
7,W_Complete application,2016-05-17 12:39:31.515011,complete,User_132,Workflow,New credit,Existing loan takeover,3000
10,W_Handle leads,2016-05-17 12:39:32.512801,start,User_132,Workflow,New credit,Remaining debt home,7000
26,A_Create Application,2016-05-17 12:40:18.774903,complete,User_1,Application,New credit,Existing loan takeover,4000
20,A_Concept,2016-05-17 12:40:18.778903,complete,User_1,Application,Limit raise,Car,5500
27,A_Create Application,2016-05-17 12:40:18.779903,complete,User_1,Application,New credit,Unknown,5500
20,A_Concept,2016-05-17 12:40:18.783903,complete,User_1,Application,Limit raise,Car,5500
25,A_Create Application,2016-05-17 12:40:18.784903,complete,User_1,Application,Limit raise,Home improvement,19000
23,A_Concept,2016-05-17 12:40:18.788903,complete,User_1,Application,Limit raise,Unknown,6500
26,A_Create Application,2016-05-17 12:40:18.789903,complete,User_1,Application,New credit,Existing loan takeover,4000
26,A_Submitted,2016-05-17 12:40:18.887903,complete,User_1,Application,New credit,Existing loan takeover,4000
27,A_Submitted,2016-05-17 12:40:18.985903,complete,User_1,Application,New credit,Unknown,5500
25,A_Submitted,2016-05-17 12:40:19.083903,complete,User_1,Application,Limit raise,Home improvement,19000
15,W_Complete application,2016-05-17 12:40:45.766319,complete,User_21,Workflow,New credit,Existing loan takeover,28000
6,W_Handle leads,2016-05-17 12:40:46.286612,start,User_21,Workflow,New credit,Car,10500
10,W_Handle leads,2016-05-17 12:42:46.717314,complete,User_132,Workflow,New credit,Remaining debt home,7000
10,A_Concept,2016-05-17 12:42:46.721314,complete,User_1,Application,New credit,Remaining debt home,7000
10,A_Concept,2016-05-17 12:42:46.725314,complete,User_1,Application,New credit,Remaining debt home,7000
11,W_Complete application,2016-05-17 12:42:47.637337,start,User_132,Workflow,New credit,Car,31000
15,W_Complete application,2016-05-17 12:43:59.814796,complete,User_52,Workflow,New credit,Existing loan takeover,28000
6,W_Complete application,2016-05-17 12:43:59.961871,start,User_52,Workflow,New credit,Car,10500
6,W_Handle leads,2016-05-17 12:44:00.491125,complete,User_21,Workflow,New credit,Car,10500
6,O_Create Offer,2016-05-17 12:44:00.954125,complete,User_44,Offer,New credit,Car,10500
5,W_Handle leads,2016-05-17 12:44:01.328622,start,User_21,Workflow,New credit,"Other, see explanation",35000
15,A_Accepted,2016-05-17 12:44:01.978125,complete,User_44,Application,New credit,Existing loan takeover,28000
6,O_Create Offer,2016-05-17 12:44:02.441125,complete,User_44,Offer,New credit,Car,10500
10,W_Complete application,2016-05-17 12:45:49.554893,start,User_17,Workflow,New credit,Remaining debt home,7000
