Activity,Resource
A_Create Application,User_1
A_Submitted,User_1
A_Concept,User_1
A_Accepted,User_52
O_Create Offer,User_52
O_Created,User_52
O_Sent (mail and online),User_52
A_Complete,User_52
A_Validating,User_117
O_Returned,User_117
A_Incomplete,User_115
O_Accepted,User_115
A_Pending,User_115
A_Accepted,User_38
O_Create Offer,User_38
O_Created,User_38
O_Sent (mail and online),User_38
W_Complete application,User_38
A_Complete,User_38
A_Validating,User_119
A_Denied,User_68
O_Refused,User_68
W_Validate application,User_68
A_Accepted,User_19
O_Create Offer,User_19
O_Created,User_19
O_Sent (mail and online),User_19
W_Complete application,User_19
A_Complete,User_19
O_Cancelled,User_19
A_Validating,User_116
O_Returned,User_116
A_Incomplete,User_101
A_Validating,User_31
O_Accepted,User_90
A_Pending,User_90
W_Handle leads,User_17
A_Concept,User_17
O_Create Offer,User_12
O_Created,User_12a
O_Sent (mail and online),User_12
O_Returned,User_119
A_Incomplete,User_114
A_Validating,User_118
W_Validate application,User_95
A_Incomplete,User_95
O_Accepted,User_95
A_Pending,User_95
O_Cancelled,User_95
A_Cancelled,User_1
O_Cancelled,User_1
A_Accepted,User_17
O_Create Offer,User_17
O_Created,User_17
O_Sent (mail and online),User_17
W_Complete application,User_17
A_Complete,User_17
O_Create Offer,User_8
O_Created,User_8
O_Sent (mail and online),User_8
A_Accepted,User_3
O_Create Offer,User_3
O_Created,User_3
O_Sent (mail and online),User_3
A_Complete,User_3
A_Validating,User_113
O_Returned,User_113
A_Incomplete,User_100
A_Cancelled,User_27
O_Cancelled,User_27
W_Complete application,User_3
A_Denied,User_99
O_Refused,User_99
W_Validate application,User_99
O_Returned,User_118
O_Accepted,User_119
A_Pending,User_119
A_Accepted,User_31
O_Create Offer,User_31
O_Created,User_31
O_Sent (mail and online),User_31
W_Complete application,User_31
A_Complete,User_31
A_Validating,User_112
O_Returned,User_112
A_Validating,User_114
O_Accepted,User_75
A_Pending,User_75
W_Validate application,User_87
A_Incomplete,User_87
O_Accepted,User_87
A_Pending,User_87
A_Denied,User_95
O_Refused,User_95
A_Accepted,User_43
O_Create Offer,User_43
O_Created,User_43
O_Sent (mail and online),User_43
W_Complete application,User_43
A_Complete,User_43
A_Cancelled,User_8
O_Cancelled,User_8
A_Accepted,User_16
O_Create Offer,User_16
O_Created,User_16
O_Sent (mail and online),User_16
W_Complete application,User_16
A_Complete,User_16
A_Accepted,User_21
O_Create Offer,User_21
O_Created,User_21
O_Sent (mail and online),User_21
A_Complete,User_21
A_Incomplete,User_75
O_Accepted,User_68
A_Pending,User_68
A_Accepted,User_15
O_Create Offer,User_15
O_Created,User_15
O_Sent (mail and online),User_15
W_Complete application,User_15
A_Complete,User_15
O_Cancelled,User_119
A_Accepted,User_108
O_Create Offer,User_108
O_Created,User_108
O_Sent (mail and online),User_108
W_Complete application,User_108
A_Complete,User_108
O_Create Offer,User_10
O_Created,User_10
O_Sent (mail and online),User_10
A_Denied,User_29
O_Refused,User_29
W_Validate application,User_29
A_Accepted,User_89
O_Create Offer,User_89
O_Created,User_89
O_Sent (mail and online),User_89
W_Complete application,User_89
A_Complete,User_89
A_Denied,User_90
O_Refused,User_90
A_Create Application,User_17
O_Cancelled,User_17
A_Cancelled,User_112
O_Cancelled,User_112
O_Create Offer,User_4
O_Created,User_4
O_Sent (mail and online),User_4
O_Create Offer,User_7
O_Created,User_7
O_Sent (mail and online),User_7
A_Accepted,User_28
O_Create Offer,User_28
O_Created,User_28
O_Sent (mail and online),User_28
W_Complete application,User_28
A_Complete,User_28
A_Cancelled,User_20
O_Cancelled,User_20
A_Incomplete,User_29
O_Accepted,User_29
A_Pending,User_29
O_Cancelled,User_29
O_Returned,User_114
W_Call incomplete files,User_29
A_Validating,User_29
A_Create Application,User_38
A_Concept,User_38
O_Cancelled,User_38
A_Validating,User_100
W_Validate application,User_100
A_Accepted,User_7
A_Complete,User_7
W_Complete application,User_7
A_Validating,User_2
A_Denied,User_100
O_Refused,User_100
O_Cancelled,User_89
O_Cancelled,User_115
A_Create Application,User_3
A_Concept,User_3
O_Accepted,User_30
A_Pending,User_30
O_Create Offer,User_14
O_Created,User_14
O_Sent (mail and online),User_14
A_Complete,User_14
A_Create Application,User_52
A_Concept,User_52
O_Cancelled,User_3
O_Cancelled,User_14
O_Create Offer,User_2
O_Created,User_2
O_Create Offer,User_5
O_Created,User_5
O_Returned,User_120
A_Validating,User_120
O_Cancelled,User_90
A_Accepted,User_41
O_Create Offer,User_41
O_Created,User_41
O_Sent (mail and online),User_41
A_Complete,User_41
A_Accepted,User_22
O_Create Offer,User_22
O_Created,User_22
O_Sent (mail and online),User_22
A_Complete,User_22
A_Validating,User_127
O_Returned,User_127
A_Incomplete,User_102
O_Create Offer,User_11
O_Created,User_11
O_Sent (mail and online),User_11
A_Complete,User_11
O_Returned,User_95
A_Accepted,User_110
O_Create Offer,User_110
O_Created,User_110
O_Sent (mail and online),User_110
A_Complete,User_110
A_Incomplete,User_99
O_Returned,User_87
O_Cancelled,User_87
O_Accepted,User_99
A_Pending,User_99
A_Accepted,User_10
A_Complete,User_10
O_Accepted,User_112
A_Pending,User_112
A_Accepted,User_11
A_Validating,User_10
W_Handle leads,User_14
A_Concept,User_14
A_Accepted,User_13
O_Create Offer,User_13
O_Created,User_13
O_Sent (mail and online),User_13
A_Complete,User_13
A_Accepted,User_20
O_Create Offer,User_20
O_Created,User_20
O_Sent (mail and online),User_20
A_Complete,User_20
A_Accepted,User_37
O_Create Offer,User_37
O_Created,User_37
O_Sent (mail and online),User_37
W_Complete application,User_37
A_Complete,User_37
O_Accepted,User_113
A_Pending,User_113
W_Validate application,User_109
A_Incomplete,User_109
A_Cancelled,User_70
O_Cancelled,User_70
W_Validate application,User_75
W_Call incomplete files,User_34
A_Validating,User_34
W_Complete application,User_11
A_Cancelled,User_49
O_Cancelled,User_49
W_Call incomplete files,User_49
O_Cancelled,User_75
A_Incomplete,User_30
A_Denied,User_75
O_Refused,User_75
O_Create Offer,User_85
O_Created,User_85
A_Cancelled,User_2
O_Cancelled,User_2
W_Call incomplete files,User_2
O_Cancelled,User_22
A_Accepted,User_71
O_Create Offer,User_71
O_Created,User_71
O_Sent (mail and online),User_71
W_Complete application,User_71
A_Complete,User_71
A_Cancelled,User_10
O_Cancelled,User_10
A_Accepted,User_74
O_Create Offer,User_74
O_Created,User_74
O_Sent (mail and online),User_74
A_Complete,User_74
W_Call incomplete files,User_41
A_Validating,User_41
A_Accepted,User_8
A_Complete,User_8
W_Validate application,User_30
W_Complete application,User_13
O_Accepted,User_114
A_Pending,User_114
O_Cancelled,User_114
A_Accepted,User_5
O_Sent (mail and online),User_5
W_Complete application,User_5
A_Complete,User_5
A_Accepted,User_14
O_Create Offer,User_25
O_Created,User_25
O_Sent (mail and online),User_25
A_Accepted,User_4
A_Complete,User_4
W_Validate application,User_117
A_Incomplete,User_117
W_Call incomplete files,User_14
A_Validating,User_14
A_Validating,User_92
W_Validate application,User_90
O_Create Offer,User_34
O_Created,User_34
O_Sent (mail and online),User_34
A_Validating,User_95
O_Cancelled,User_99
O_Cancelled,User_113
A_Validating,User_22
O_Returned,User_29
A_Cancelled,User_92
O_Cancelled,User_92
A_Cancelled,User_11
O_Cancelled,User_11
A_Create Application,User_75
A_Concept,User_75
A_Accepted,User_75
O_Create Offer,User_75
O_Created,User_75
O_Sent (mail and online),User_75
W_Complete application,User_75
A_Complete,User_75
W_Call after offers,User_75
A_Validating,User_75
O_Accepted,User_117
A_Pending,User_117
A_Create Application,User_19
A_Concept,User_19
A_Create Application,User_7
A_Concept,User_7
A_Create Application,User_16
A_Concept,User_16
A_Create Application,User_43
A_Concept,User_43
A_Incomplete,User_90
A_Create Application,User_2
A_Concept,User_2
A_Accepted,User_2
O_Sent (mail and online),User_2
W_Complete application,User_2
A_Complete,User_2
O_Create Offer,User_24
O_Created,User_24
O_Sent (mail and online),User_24
W_Complete application,User_24
A_Complete,User_24
W_Call after offers,User_119
W_Call incomplete files,User_44
A_Validating,User_44
A_Create Application,User_20
A_Concept,User_20
W_Complete application,User_20
O_Returned,User_75
A_Create Application,User_47
A_Concept,User_47
A_Cancelled,User_41
O_Cancelled,User_41
O_Cancelled,User_30
A_Create Application,User_14
W_Complete application,User_14
O_Accepted,User_109
A_Pending,User_109
O_Cancelled,User_68
W_Complete application,User_22
A_Accepted,User_24
O_Cancelled,User_4
O_Create Offer,User_44
O_Created,User_44
O_Sent (mail and online),User_44
A_Complete,User_44
A_Create Application,User_89
A_Concept,User_89
W_Validate application,User_112
A_Incomplete,User_112
A_Cancelled,User_17
W_Call incomplete files,User_17
W_Handle leads,User_20
A_Accepted,User_92
O_Create Offer,User_92
O_Created,User_92
O_Sent (mail and online),User_92
A_Complete,User_92
A_Cancelled,User_9
O_Cancelled,User_9
A_Create Application,User_28
A_Concept,User_28
A_Cancelled,User_24
O_Cancelled,User_24
A_Accepted,User_85
O_Sent (mail and online),User_85
A_Complete,User_85
A_Create Application,User_13
A_Concept,User_13
A_Accepted,User_6
O_Create Offer,User_6
O_Created,User_6
O_Sent (mail and online),User_6
A_Complete,User_6
A_Create Application,User_10
A_Concept,User_10
A_Accepted,User_44
W_Complete application,User_44
W_Validate application,User_113
A_Incomplete,User_113
A_Validating,User_101
W_Validate application,User_101
W_Handle leads,User_1
W_Handle leads,User_3
A_Create Application,User_31
A_Concept,User_31
A_Validating,User_30
O_Returned,User_30
A_Denied,User_30
O_Refused,User_30
A_Create Application,User_5
A_Concept,User_5
W_Complete application,User_10
A_Cancelled,User_4
O_Cancelled,User_37
O_Cancelled,User_44
A_Incomplete,User_68
A_Cancelled,User_110
O_Cancelled,User_110
W_Handle leads,User_5
W_Handle leads,User_31
A_Create Application,User_8
A_Concept,User_8
W_Complete application,User_8
A_Cancelled,User_14
A_Create Application,User_11
A_Concept,User_11
O_Create Offer,User_36
O_Created,User_36
O_Sent (mail and online),User_36
A_Cancelled,User_34
O_Cancelled,User_34
A_Validating,User_73
A_Create Application,User_22
A_Concept,User_22
W_Call incomplete files,User_101
O_Cancelled,User_36
A_Cancelled,User_36
A_Validating,User_125
O_Returned,User_125
A_Accepted,User_27
O_Create Offer,User_27
O_Created,User_27
O_Sent (mail and online),User_27
A_Complete,User_27
O_Create Offer,User_18
O_Created,User_18
A_Accepted,User_49
O_Create Offer,User_49
O_Created,User_49
O_Sent (mail and online),User_49
W_Complete application,User_49
A_Complete,User_49
A_Create Application,User_92
A_Concept,User_92
W_Complete application,User_92
W_Complete application,User_21
A_Create Application,User_85
A_Concept,User_85
W_Complete application,User_85
A_Create Application,User_24
A_Concept,User_24
W_Validate application,User_102
O_Accepted,User_118
A_Pending,User_118
A_Validating,User_28
W_Handle leads,User_47
O_Returned,User_99
O_Cancelled,User_109
A_Create Application,User_4
A_Concept,User_4
A_Complete,User_34
O_Cancelled,User_15
W_Call incomplete files,User_99
A_Validating,User_99
A_Validating,User_18
A_Accepted,User_36
A_Complete,User_36
W_Complete application,User_4
A_Denied,User_120
O_Refused,User_120
A_Validating,User_6
A_Validating,User_24
O_Cancelled,User_117
A_Create Application,User_37
A_Concept,User_37
A_Cancelled,User_18
O_Cancelled,User_18
A_Create Application,User_21
A_Concept,User_21
W_Validate application,User_2
A_Incomplete,User_2
W_Complete application,User_110
A_Denied,User_115
O_Refused,User_115
A_Denied,User_2
O_Refused,User_2
A_Validating,User_27
W_Validate application,User_119
W_Handle leads,User_92
W_Handle leads,User_4
A_Accepted,User_47
O_Create Offer,User_33
O_Created,User_33
O_Sent (mail and online),User_33
A_Complete,User_33
A_Create Application,User_74
A_Concept,User_74
O_Cancelled,User_21
A_Accepted,User_35
O_Create Offer,User_35
O_Created,User_35
O_Sent (mail and online),User_35
A_Complete,User_35
W_Validate application,User_115
A_Denied,User_27
O_Refused,User_27
A_Denied,User_37
O_Refused,User_37
O_Create Offer,User_47
O_Created,User_47
O_Sent (mail and online),User_47
A_Complete,User_47
A_Denied,User_87
O_Refused,User_87
A_Validating,User_74
A_Create Application,User_30
A_Concept,User_30
A_Accepted,User_30
O_Create Offer,User_30
O_Created,User_30
O_Sent (mail and online),User_30
W_Complete application,User_30
A_Complete,User_30
W_Call after offers,User_30
A_Create Application,User_110
A_Concept,User_110
A_Incomplete,User_119
W_Call incomplete files,User_119
A_Validating,User_70
W_Call incomplete files,User_75
O_Accepted,User_116
A_Pending,User_116
A_Create Application,User_87
A_Concept,User_87
A_Accepted,User_87
A_Validating,User_25
O_Cancelled,User_118
O_Cancelled,User_13
A_Denied,User_13
O_Create Offer,User_50
O_Created,User_50
A_Accepted,User_25
O_Sent (mail and online),User_18
W_Complete application,User_18
A_Complete,User_18
O_Accepted,User_102
A_Pending,User_102
O_Cancelled,User_102
A_Accepted,User_18
A_Cancelled,User_74
O_Cancelled,User_74
A_Complete,User_25
A_Denied,User_101
O_Refused,User_101
A_Create Application,User_108
A_Concept,User_108
W_Handle leads,User_6
A_Concept,User_6
A_Accepted,User_12
A_Complete,User_12
W_Call incomplete files,User_74
A_Cancelled,User_19
W_Complete application,User_74
A_Incomplete,User_9
O_Cancelled,User_108
A_Create Application,User_27
A_Concept,User_27
W_Complete application,User_27
A_Accepted,User_9
O_Create Offer,User_9
O_Created,User_9
O_Sent (mail and online),User_9
A_Complete,User_9
W_Validate application,User_118
W_Complete application,User_47
A_Create Application,User_6
W_Complete application,User_6
W_Handle leads,User_25
A_Concept,User_25
W_Call incomplete files,User_38
A_Validating,User_38
A_Validating,User_47
A_Validating,User_21
O_Returned,User_100
O_Returned,User_90
A_Validating,User_13
W_Call incomplete files,User_36
W_Call after offers,User_34
W_Validate application,User_34
A_Incomplete,User_34
W_Complete application,User_12
W_Handle leads,User_2
W_Call incomplete files,User_28
A_Create Application,User_35
A_Concept,User_35
O_Sent (mail and online),User_50
A_Complete,User_50
W_Complete application,User_35
A_Validating,User_3
W_Validate application,User_3
A_Incomplete,User_3
W_Call after offers,User_27
W_Call incomplete files,User_27
W_Call incomplete files,User_10
A_Accepted,User_34
W_Call after offers,User_4
A_Create Application,User_68
A_Concept,User_68
A_Create Application,User_36
A_Concept,User_36
W_Handle leads,User_18
A_Concept,User_18
O_Cancelled,User_12
A_Create Application,User_44
A_Concept,User_44
A_Create Application,User_9
A_Concept,User_9
A_Create Application,User_25
O_Cancelled,User_35
W_Call incomplete files,User_35
A_Validating,User_35
A_Create Application,User_71
A_Concept,User_71
W_Handle leads,User_38
W_Handle leads,User_10
W_Call incomplete files,User_68
A_Validating,User_68
O_Cancelled,User_52
A_Denied,User_52
O_Cancelled,User_43
W_Call incomplete files,User_24
A_Create Application,User_12
A_Concept,User_12
O_Create Offer,User_73
O_Created,User_73
O_Sent (mail and online),User_73
A_Validating,User_5
O_Cancelled,User_116
W_Handle leads,User_44
A_Cancelled,User_3
W_Validate application,User_120
A_Incomplete,User_120
W_Call incomplete files,User_120
W_Complete application,User_41
W_Complete application,User_9
W_Complete application,User_25
O_Cancelled,User_25
A_Validating,User_26
A_Denied,User_102
O_Refused,User_102
O_Create Offer,User_117
O_Created,User_117
O_Sent (mail and online),User_117
A_Cancelled,User_13
A_Cancelled,User_38
A_Denied,User_36
O_Refused,User_36
O_Create Offer,User_112
O_Created,User_112
W_Call incomplete files,User_73
W_Handle leads,User_33
A_Concept,User_33
A_Accepted,User_33
W_Complete application,User_33
A_Cancelled,User_16
O_Cancelled,User_16
W_Call incomplete files,User_16
W_Validate application,User_114
A_Denied,User_41
O_Refused,User_41
A_Incomplete,User_116
A_Denied,User_109
O_Refused,User_109
W_Handle leads,User_26
A_Concept,User_26
A_Create Application,User_26
A_Accepted,User_26
A_Cancelled,User_87
A_Create Application,User_41
A_Concept,User_41
W_Call incomplete files,User_113
A_Cancelled,User_29
A_Denied,User_144
O_Refused,User_144
O_Cancelled,User_71
A_Validating,User_8
W_Call after offers,User_14
A_Validating,User_49
A_Create Application,User_34
A_Concept,User_34
W_Complete application,User_34
O_Create Offer,User_70
O_Created,User_70
W_Validate application,User_70
A_Incomplete,User_70
A_Validating,User_15
A_Create Application,User_29
A_Concept,User_29
A_Accepted,User_29
O_Create Offer,User_29
O_Created,User_29
W_Complete application,User_29
A_Complete,User_29
W_Call after offers,User_29
O_Returned,User_109
O_Returned,User_115
A_Cancelled,User_37
A_Create Application,User_95
A_Concept,User_95
A_Accepted,User_95
O_Create Offer,User_95
O_Created,User_95
W_Complete application,User_95
A_Complete,User_95
W_Call after offers,User_95
A_Denied,User_44
O_Refused,User_44
W_Validate application,User_44
A_Create Application,User_49
A_Concept,User_49
O_Sent (mail and online),User_95
A_Create Application,User_50
A_Concept,User_50
A_Accepted,User_50
W_Complete application,User_50
W_Handle leads,User_27
A_Validating,User_17
W_Validate application,User_17
A_Incomplete,User_17
A_Cancelled,User_33
O_Cancelled,User_33
W_Call incomplete files,User_33
A_Create Application,User_18
A_Validating,User_19
O_Cancelled,User_28
A_Validating,User_4
W_Handle leads,User_34
A_Cancelled,User_52
W_Handle leads,User_85
A_Validating,User_9
A_Validating,User_86
A_Incomplete,User_49
O_Create Offer,User_87
O_Created,User_87
O_Sent (mail and online),User_87
W_Call incomplete files,User_11
A_Validating,User_11
W_Validate application,User_18
W_Handle leads,User_43
W_Complete application,User_52
A_Cancelled,User_7
O_Cancelled,User_7
A_Denied,User_21
O_Refused,User_21
O_Cancelled,User_6
A_Accepted,User_70
O_Sent (mail and online),User_70
A_Complete,User_70
A_Cancelled,User_43
A_Create Application,User_109
A_Concept,User_109
A_Accepted,User_109
W_Complete application,User_36
W_Handle leads,User_8
A_Denied,User_43
O_Refused,User_43
W_Handle leads,User_19
A_Cancelled,User_23
O_Cancelled,User_23
W_Call incomplete files,User_23
O_Cancelled,User_31
A_Cancelled,User_85
O_Cancelled,User_85
W_Validate application,User_116
W_Handle leads,User_36
O_Create Offer,User_26
O_Created,User_26
O_Sent (mail and online),User_26
W_Complete application,User_26
A_Complete,User_26
W_Handle leads,User_24
A_Cancelled,User_21
A_Cancelled,User_102
A_Cancelled,User_5
O_Cancelled,User_5
A_Validating,User_43
A_Incomplete,User_43
A_Denied,User_25
O_Refused,User_25
A_Create Application,User_102
A_Concept,User_102
A_Accepted,User_102
O_Create Offer,User_102
O_Created,User_102
O_Sent (mail and online),User_102
W_Complete application,User_102
A_Complete,User_102
W_Call after offers,User_102
A_Validating,User_102
O_Returned,User_102
W_Handle leads,User_9
W_Call incomplete files,User_5
W_Validate application,User_14
A_Incomplete,User_14
A_Validating,User_85
W_Call incomplete files,User_3
W_Call incomplete files,User_4
W_Handle leads,User_21
O_Create Offer,User_109
O_Created,User_109
A_Complete,User_109
W_Call after offers,User_109
A_Validating,User_109
A_Accepted,User_73
W_Complete application,User_73
A_Complete,User_73
A_Create Application,User_15
A_Concept,User_15
W_Handle leads,User_70
A_Concept,User_70
A_Cancelled,User_12
O_Returned,User_101
W_Complete application,User_87
A_Complete,User_87
W_Call after offers,User_87
A_Validating,User_87
A_Create Application,User_99
A_Concept,User_99
A_Accepted,User_99
O_Create Offer,User_99
O_Created,User_99
W_Complete application,User_99
A_Complete,User_99
W_Call after offers,User_99
O_Accepted,User_120
A_Pending,User_120
A_Denied,User_4
O_Refused,User_4
A_Cancelled,User_113
W_Call incomplete files,User_30
W_Call after offers,User_5
W_Validate application,User_5
A_Incomplete,User_5
O_Create Offer,User_32
O_Created,User_32
O_Sent (mail and online),User_32
O_Cancelled,User_32
W_Call after offers,User_36
W_Call incomplete files,User_102
O_Create Offer,User_39
O_Created,User_39
O_Sent (mail and online),User_39
A_Cancelled,User_73
O_Cancelled,User_73
O_Create Offer,User_101
O_Created,User_101
O_Returned,User_68
A_Cancelled,User_31
A_Validating,User_12
W_Call incomplete files,User_22
A_Cancelled,User_47
O_Cancelled,User_47
A_Create Application,User_73
A_Concept,User_73
A_Validating,User_33
W_Validate application,User_33
A_Incomplete,User_33
A_Validating,User_37
A_Validating,User_71
W_Validate application,User_13
A_Incomplete,User_13
A_Validating,User_36
A_Cancelled,User_25
A_Create Application,User_86
A_Concept,User_86
A_Accepted,User_86
O_Create Offer,User_86
O_Created,User_86
O_Sent (mail and online),User_86
W_Complete application,User_86
A_Complete,User_86
O_Cancelled,User_86
A_Cancelled,User_142
O_Cancelled,User_142
W_Call after offers,User_142
W_Call incomplete files,User_114
A_Validating,User_52
W_Handle leads,User_120
A_Concept,User_120
O_Cancelled,User_120
W_Handle leads,User_11
A_Validating,User_16
O_Create Offer,User_119
O_Created,User_119
A_Accepted,User_23
O_Create Offer,User_23
O_Created,User_23
O_Sent (mail and online),User_23
A_Complete,User_23
A_Cancelled,User_35
A_Validating,User_23
W_Validate application,User_23
A_Incomplete,User_23
W_Call incomplete files,User_87
W_Call incomplete files,User_115
A_Validating,User_115
A_Denied,User_14
A_Cancelled,User_28
W_Complete application,User_23
A_Incomplete,User_18
W_Call incomplete files,User_117
W_Call incomplete files,User_70
A_Create Application,User_100
A_Concept,User_100
A_Accepted,User_100
O_Create Offer,User_100
O_Created,User_100
W_Complete application,User_100
A_Complete,User_100
W_Call after offers,User_100
A_Create Application,User_23
A_Concept,User_23
W_Call incomplete files,User_15
W_Handle leads,User_23
A_Cancelled,User_22
W_Call after offers,User_22
W_Handle leads,User_71
A_Create Application,User_70
W_Complete application,User_70
W_Handle leads,User_141
A_Concept,User_141
A_Create Application,User_33
W_Call after offers,User_120
W_Call incomplete files,User_92
W_Validate application,User_92
A_Incomplete,User_92
A_Accepted,User_141
O_Create Offer,User_141
O_Created,User_141
O_Sent (mail and online),User_141
W_Complete application,User_141
A_Complete,User_141
W_Call after offers,User_74
W_Call after offers,User_13
A_Create Application,User_76
A_Concept,User_76
A_Accepted,User_76
O_Create Offer,User_76
O_Created,User_76
O_Sent (mail and online),User_76
W_Complete application,User_76
A_Complete,User_76
W_Call incomplete files,User_13
A_Denied,User_31
O_Refused,User_31
W_Call incomplete files,User_21
W_Handle leads,User_74
W_Handle leads,User_13
A_Denied,User_22
O_Refused,User_22
A_Cancelled,User_15
A_Denied,User_5
O_Refused,User_5
A_Denied,User_73
O_Refused,User_73
W_Call after offers,User_73
W_Call incomplete files,User_37
A_Incomplete,User_37
A_Denied,User_86
O_Refused,User_86
W_Call incomplete files,User_20
A_Validating,User_20
A_Denied,User_24
O_Refused,User_24
W_Call after offers,User_3
W_Call incomplete files,User_90
A_Validating,User_90
A_Cancelled,User_44
W_Call incomplete files,User_31
A_Cancelled,User_32
W_Call incomplete files,User_32
A_Denied,User_23
O_Refused,User_23
A_Denied,User_15
O_Refused,User_15
A_Cancelled,User_71
A_Cancelled,User_95
A_Denied,User_47
O_Refused,User_47
W_Call after offers,User_25
A_Incomplete,User_16
A_Denied,User_49
O_Refused,User_49
A_Validating,User_121
O_Returned,User_121
O_Sent (mail and online),User_109
W_Complete application,User_109
W_Call incomplete files,User_112
A_Complete,User_32
W_Handle leads,User_41
A_Accepted,User_32
O_Create Offer,User_90
O_Created,User_90
A_Accepted,User_97
O_Create Offer,User_97
O_Created,User_97
O_Sent (mail and online),User_97
W_Complete application,User_97
A_Complete,User_97
W_Call incomplete files,User_18
A_Accepted,User_68
O_Create Offer,User_68
O_Created,User_68
O_Sent (mail and online),User_68
W_Complete application,User_68
A_Complete,User_68
A_Cancelled,User_39
O_Cancelled,User_39
W_Call incomplete files,User_39
W_Call incomplete files,User_100
A_Cancelled,User_86
W_Call incomplete files,User_86
A_Accepted,User_39
A_Complete,User_39
A_Validating,User_32
O_Accepted,User_127
A_Pending,User_127
O_Cancelled,User_127
W_Validate application,User_16
W_Handle leads,User_28
O_Refused,User_13
W_Handle leads,User_37
W_Call after offers,User_15
O_Accepted,User_125
A_Pending,User_125
W_Validate application,User_125
O_Cancelled,User_125
W_Handle leads,User_15
A_Incomplete,User_44
W_Handle leads,User_52
A_Incomplete,User_10
W_Complete application,User_32
A_Accepted,User_42
O_Create Offer,User_42
O_Created,User_42
O_Sent (mail and online),User_42
A_Complete,User_42
W_Complete application,User_42
A_Accepted,User_61
O_Create Offer,User_61
O_Created,User_61
O_Sent (mail and online),User_61
W_Complete application,User_61
A_Complete,User_61
A_Accepted,User_82
O_Create Offer,User_82
O_Created,User_82
O_Sent (mail and online),User_82
A_Complete,User_82
W_Validate application,User_49
O_Cancelled,User_97
A_Validating,User_7
W_Call incomplete files,User_26
W_Complete application,User_39
A_Denied,User_19
O_Refused,User_19
W_Validate application,User_47
A_Incomplete,User_47
A_Cancelled,User_117
A_Cancelled,User_42
O_Cancelled,User_42
A_Create Application,User_61
A_Concept,User_61
A_Create Application,User_39
A_Concept,User_39
A_Create Application,User_82
A_Concept,User_82
W_Complete application,User_82
A_Validating,User_48
W_Handle leads,User_16
A_Cancelled,User_46
O_Cancelled,User_46
W_Call incomplete files,User_46
W_Complete application,User_144
A_Accepted,User_46
O_Create Offer,User_46
O_Created,User_46
O_Sent (mail and online),User_46
W_Complete application,User_46
A_Complete,User_46
A_Create Application,User_97
A_Concept,User_97
O_Cancelled,User_61
W_Validate application,User_144
A_Cancelled,User_30
A_Create Application,User_32
A_Concept,User_32
A_Incomplete,User_118
W_Call after offers,User_114
W_Validate application,User_19
W_Call after offers,User_39
A_Cancelled,User_75
W_Call incomplete files,User_71
W_Call after offers,User_17
A_Denied,User_39
O_Refused,User_39
A_Validating,User_46
A_Denied,User_28
O_Refused,User_28
A_Denied,User_71
W_Call after offers,User_71
W_Handle leads,User_61
A_Denied,User_138
O_Refused,User_138
W_Validate application,User_28
A_Incomplete,User_28
W_Call incomplete files,User_42
A_Validating,User_42
A_Validating,User_39
W_Handle leads,User_86
O_Sent (mail and online),User_29
W_Call after offers,User_43
A_Incomplete,User_25
W_Call incomplete files,User_25
A_Create Application,User_42
A_Concept,User_42
A_Cancelled,User_61
W_Call after offers,User_61
O_Cancelled,User_26
W_Validate application,User_138
A_Denied,User_18
O_Refused,User_18
W_Call incomplete files,User_118
O_Create Offer,User_60
O_Created,User_60
O_Sent (mail and online),User_60
W_Call incomplete files,User_61
A_Validating,User_61
W_Handle leads,User_49
W_Call incomplete files,User_52
A_Validating,User_50
A_Denied,User_113
O_Refused,User_113
A_Cancelled,User_26
O_Cancelled,User_103
O_Create Offer,User_116
O_Created,User_116
W_Validate application,User_127
A_Incomplete,User_127
O_Returned,User_123
A_Validating,User_123
O_Returned,User_122
A_Validating,User_122
A_Validating,User_97
A_Create Application,User_46
A_Concept,User_46
A_Cancelled,User_97
O_Accepted,User_121
A_Pending,User_121
W_Validate application,User_121
A_Validating,User_76
W_Handle leads,User_32
A_Denied,User_32
O_Refused,User_32
A_Denied,User_10
O_Refused,User_10
A_Incomplete,User_121
W_Call after offers,User_97
A_Denied,User_42
O_Refused,User_42
W_Call incomplete files,User_60
A_Validating,User_60
W_Handle leads,User_7
W_Call after offers,User_18
A_Denied,User_16
O_Refused,User_16
A_Accepted,User_103
A_Create Application,User_101
A_Concept,User_101
A_Accepted,User_101
W_Call incomplete files,User_7
O_Refused,User_71
W_Call after offers,User_23
A_Cancelled,User_109
W_Call after offers,User_46
A_Accepted,User_60
W_Complete application,User_60
A_Complete,User_60
A_Denied,User_143
O_Refused,User_143
A_Incomplete,User_31
O_Accepted,User_83
A_Pending,User_83
O_Cancelled,User_83
A_Validating,User_40
A_Create Application,User_60
A_Concept,User_60
W_Call incomplete files,User_95
O_Create Offer,User_48
O_Created,User_48
O_Sent (mail and online),User_48
W_Complete application,User_48
A_Complete,User_48
A_Accepted,User_53
O_Create Offer,User_53
O_Created,User_53
O_Sent (mail and online),User_53
W_Complete application,User_53
A_Complete,User_53
A_Accepted,User_48
A_Create Application,User_90
A_Concept,User_90
A_Accepted,User_90
W_Call incomplete files,User_116
W_Call after offers,User_16
O_Returned,User_2
W_Handle leads,User_35
A_Cancelled,User_60
O_Cancelled,User_60
A_Create Application,User_48
A_Concept,User_48
A_Create Application,User_53
A_Concept,User_53
O_Cancelled,User_48
O_Cancelled,User_53
A_Incomplete,User_4
W_Call incomplete files,User_19
W_Call after offers,User_52
O_Cancelled,User_121
O_Returned,User_124
A_Accepted,User_51
O_Create Offer,User_51
O_Created,User_51
O_Sent (mail and online),User_51
W_Complete application,User_51
A_Complete,User_51
A_Cancelled,User_51
O_Cancelled,User_51
W_Call after offers,User_51
O_Create Offer,User_40
O_Created,User_40
O_Sent (mail and online),User_40
W_Complete application,User_40
A_Complete,User_40
A_Cancelled,User_40
O_Cancelled,User_40
A_Incomplete,User_20
A_Accepted,User_40
A_Create Application,User_51
A_Concept,User_51
A_Incomplete,User_124
W_Validate application,User_122
A_Incomplete,User_122
A_Create Application,User_40
A_Concept,User_40
W_Complete application,User_90
A_Complete,User_90
W_Call after offers,User_90
W_Handle leads,User_46
W_Call after offers,User_12
W_Call incomplete files,User_47
A_Validating,User_45
O_Accepted,User_2
A_Pending,User_2
O_Create Offer,User_103
O_Created,User_103
W_Handle leads,User_103
A_Concept,User_103
O_Create Offer,User_45
O_Created,User_45
O_Sent (mail and online),User_45
A_Denied,User_124
O_Refused,User_124
A_Denied,User_83
O_Refused,User_83
A_Cancelled,User_68
O_Returned,User_27
O_Accepted,User_107
A_Pending,User_107
O_Cancelled,User_107
W_Call incomplete files,User_121
W_Validate application,User_83
A_Incomplete,User_83
W_Validate application,User_24
A_Denied,User_26
O_Refused,User_26
W_Call after offers,User_49
O_Create Offer,User_54
O_Created,User_54
O_Sent (mail and online),User_54
A_Validating,User_126
O_Returned,User_126
A_Validating,User_133
A_Denied,User_20
O_Refused,User_20
A_Denied,User_46
O_Refused,User_46
A_Denied,User_38
O_Refused,User_38
W_Validate application,User_46
A_Incomplete,User_46
W_Complete application,User_101
A_Complete,User_101
W_Call after offers,User_101
A_Denied,User_7
O_Refused,User_7
A_Cancelled,User_45
O_Cancelled,User_45
A_Incomplete,User_42
A_Cancelled,User_48
W_Call incomplete files,User_45
A_Denied,User_51
O_Refused,User_51
W_Call after offers,User_26
A_Denied,User_3
O_Refused,User_3
W_Validate application,User_124
O_Returned,User_83
A_Incomplete,User_32
A_Incomplete,User_41
W_Validate application,User_123
A_Incomplete,User_123
A_Cancelled,User_76
O_Cancelled,User_76
O_Accepted,User_128
A_Pending,User_128
O_Cancelled,User_128
A_Denied,User_53
O_Refused,User_53
W_Call after offers,User_31
A_Create Application,User_83
A_Concept,User_83
A_Accepted,User_83
O_Create Offer,User_83
O_Created,User_83
W_Complete application,User_83
A_Complete,User_83
W_Call after offers,User_83
A_Validating,User_83
O_Sent (mail and online),User_83
A_Denied,User_93
O_Refused,User_93
W_Validate application,User_93
W_Call incomplete files,User_85
A_Accepted,User_45
A_Complete,User_45
W_Call incomplete files,User_12
A_Incomplete,User_93
A_Denied,User_76
O_Refused,User_76
W_Call after offers,User_76
A_Cancelled,User_53
W_Validate application,User_39
A_Incomplete,User_39
W_Complete application,User_45
A_Validating,User_53
O_Create Offer,User_107
O_Created,User_107
W_Call after offers,User_68
W_Validate application,User_126
A_Incomplete,User_126
W_Call incomplete files,User_126
A_Incomplete,User_125
O_Sent (mail and online),User_103
A_Complete,User_103
W_Handle leads,User_45
A_Concept,User_45
A_Create Application,User_45
O_Returned,User_107
W_Handle leads,User_42
W_Validate application,User_40
A_Incomplete,User_40
W_Call incomplete files,User_54
A_Validating,User_54
W_Validate application,User_41
A_Validating,User_93
A_Validating,User_51
O_Accepted,User_122
A_Pending,User_122
O_Cancelled,User_122
A_Incomplete,User_71
A_Accepted,User_58
A_Validating,User_124
W_Handle leads,User_39
A_Denied,User_17
W_Call incomplete files,User_125
W_Call after offers,User_24
A_Validating,User_111
A_Denied,User_33
O_Refused,User_33
W_Call incomplete files,User_124
A_Incomplete,User_27
W_Validate application,User_45
A_Cancelled,User_54
O_Cancelled,User_54
W_Call incomplete files,User_123
W_Call incomplete files,User_40
W_Validate application,User_27
W_Handle leads,User_40
W_Handle leads,User_53
W_Call incomplete files,User_48
A_Cancelled,User_90
W_Handle leads,User_60
A_Denied,User_45
O_Refused,User_45
A_Denied,User_40
O_Refused,User_40
W_Call after offers,User_40
W_Validate application,User_35
A_Incomplete,User_35
A_Cancelled,User_50
O_Cancelled,User_50
O_Create Offer,User_57
O_Created,User_57
O_Sent (mail and online),User_57
A_Accepted,User_107
O_Sent (mail and online),User_107
A_Complete,User_107
W_Call after offers,User_60
W_Validate application,User_4
A_Incomplete,User_24
A_Accepted,User_63
O_Create Offer,User_63
O_Created,User_63
O_Sent (mail and online),User_63
A_Complete,User_63
O_Returned,User_93
O_Refused,User_17
W_Call after offers,User_41
W_Complete application,User_63
A_Denied,User_11
O_Refused,User_11
A_Denied,User_60
O_Refused,User_60
A_Validating,User_142
O_Accepted,User_27
A_Pending,User_27
W_Validate application,User_133
A_Incomplete,User_133
A_Complete,User_54
O_Create Offer,User_58
O_Created,User_58
O_Sent (mail and online),User_58
A_Incomplete,User_60
W_Call after offers,User_33
A_Incomplete,User_26
A_Cancelled,User_125
O_Accepted,User_100
A_Pending,User_100
O_Cancelled,User_100
W_Complete application,User_58
A_Complete,User_58
A_Cancelled,User_58
O_Cancelled,User_58
W_Call after offers,User_58
A_Accepted,User_54
W_Complete application,User_54
A_Validating,User_131
W_Validate application,User_50
O_Cancelled,User_63
O_Accepted,User_126
A_Pending,User_126
O_Cancelled,User_126
A_Create Application,User_63
A_Concept,User_63
O_Create Offer,User_121
O_Created,User_121
O_Sent (mail and online),User_121
A_Denied,User_107
O_Refused,User_107
W_Validate application,User_85
A_Incomplete,User_85
A_Accepted,User_57
W_Complete application,User_57
A_Complete,User_57
O_Returned,User_136
O_Create Offer,User_59
O_Created,User_59
O_Sent (mail and online),User_59
W_Call incomplete files,User_109
O_Accepted,User_129
A_Pending,User_129
W_Call incomplete files,User_43
A_Create Application,User_54
A_Concept,User_54
A_Incomplete,User_54
W_Handle leads,User_54
W_Call after offers,User_45
A_Denied,User_85
O_Refused,User_85
W_Handle leads,User_142
A_Concept,User_142
A_Validating,User_58
A_Incomplete,User_107
A_Create Application,User_58
A_Concept,User_58
W_Call after offers,User_35
O_Accepted,User_123
A_Pending,User_123
O_Cancelled,User_123
W_Validate application,User_143
O_Returned,User_133
A_Cancelled,User_63
O_Create Offer,User_136
O_Created,User_136
A_Cancelled,User_57
O_Cancelled,User_57
A_Create Application,User_57
A_Concept,User_57
O_Returned,User_139
A_Denied,User_136
O_Refused,User_136
W_Call incomplete files,User_83
A_Accepted,User_62
O_Create Offer,User_62
O_Created,User_62
O_Sent (mail and online),User_62
W_Complete application,User_62
A_Complete,User_62
W_Validate application,User_54
O_Cancelled,User_62
A_Validating,User_62
A_Incomplete,User_136
A_Cancelled,User_62
W_Call after offers,User_62
W_Handle leads,User_48
A_Validating,User_107
W_Handle leads,User_62
A_Concept,User_62
W_Validate application,User_51
A_Incomplete,User_51
A_Incomplete,User_11
A_Create Application,User_93
A_Concept,User_93
A_Accepted,User_93
O_Create Offer,User_93
O_Created,User_93
W_Complete application,User_93
A_Complete,User_93
W_Call after offers,User_93
W_Call incomplete files,User_122
W_Validate application,User_52
A_Incomplete,User_52
A_Accepted,User_55
O_Create Offer,User_55
O_Created,User_55
O_Sent (mail and online),User_55
A_Complete,User_55
A_Incomplete,User_36
W_Complete application,User_55
A_Cancelled,User_55
O_Cancelled,User_55
W_Call after offers,User_55
A_Denied,User_54
O_Refused,User_54
O_Cancelled,User_129
W_Call after offers,User_2
A_Validating,User_59
W_Handle leads,User_50
A_Validating,User_57
A_Denied,User_35
O_Refused,User_35
A_Denied,User_12
O_Refused,User_12
A_Accepted,User_56
O_Create Offer,User_56
O_Created,User_56
O_Sent (mail and online),User_56
W_Complete application,User_56
A_Complete,User_56
A_Validating,User_128
O_Returned,User_128
A_Denied,User_139
O_Refused,User_139
A_Accepted,User_78
O_Create Offer,User_78
O_Created,User_78
O_Sent (mail and online),User_78
W_Complete application,User_78
A_Complete,User_78
A_Denied,User_70
O_Refused,User_70
O_Cancelled,User_56
A_Accepted,User_91
O_Create Offer,User_91
O_Created,User_91
O_Sent (mail and online),User_91
W_Complete application,User_91
A_Complete,User_91
W_Call after offers,User_19
A_Incomplete,User_139
A_Cancelled,User_111
O_Cancelled,User_111
A_Create Application,User_55
A_Concept,User_55
A_Incomplete,User_45
W_Call incomplete files,User_107
W_Validate application,User_107
W_Handle leads,User_64
A_Concept,User_64
A_Create Application,User_64
W_Call after offers,User_86
O_Create Offer,User_79
O_Created,User_79
O_Sent (mail and online),User_79
O_Returned,User_131
A_Incomplete,User_48
A_Validating,User_130
O_Returned,User_130
A_Denied,User_61
O_Refused,User_61
W_Call incomplete files,User_55
A_Validating,User_55
W_Complete application,User_59
A_Complete,User_59
A_Accepted,User_59
A_Validating,User_136
O_Cancelled,User_78
A_Cancelled,User_93
O_Cancelled,User_93
A_Create Application,User_78
A_Concept,User_78
A_Validating,User_78
W_Validate application,User_131
A_Incomplete,User_131
A_Denied,User_78
W_Validate application,User_36
A_Create Application,User_56
A_Concept,User_56
O_Sent (mail and online),User_100
W_Handle leads,User_63
W_Handle leads,User_82
A_Create Application,User_91
A_Concept,User_91
W_Validate application,User_71
O_Cancelled,User_59
W_Handle leads,User_58
O_Create Offer,User_67
O_Created,User_67
O_Sent (mail and online),User_67
A_Cancelled,User_78
W_Call after offers,User_78
A_Cancelled,User_132
O_Cancelled,User_132
W_Call incomplete files,User_57
W_Call incomplete files,User_53
A_Create Application,User_59
A_Concept,User_59
A_Cancelled,User_64
O_Cancelled,User_64
W_Handle leads,User_78
W_Handle leads,User_91
A_Cancelled,User_67
O_Cancelled,User_67
W_Call incomplete files,User_67
W_Handle leads,User_56
W_Validate application,User_130
A_Incomplete,User_130
A_Validating,User_140
O_Accepted,User_133
A_Pending,User_133
O_Cancelled,User_133
W_Call after offers,User_11
W_Call incomplete files,User_63
A_Validating,User_63
A_Create Application,User_62
A_Cancelled,User_56
A_Denied,User_50
O_Refused,User_50
W_Complete application,User_143
A_Create Application,User_107
A_Concept,User_107
W_Complete application,User_107
W_Call after offers,User_107
A_Incomplete,User_57
A_Validating,User_56
A_Denied,User_56
O_Refused,User_56
W_Call after offers,User_42
W_Call incomplete files,User_62
W_Handle leads,User_57
A_Accepted,User_66
O_Create Offer,User_66
O_Created,User_66
O_Sent (mail and online),User_66
W_Complete application,User_66
A_Complete,User_66
O_Accepted,User_31
A_Pending,User_31
A_Cancelled,User_104
O_Cancelled,User_104
W_Call incomplete files,User_51
W_Validate application,User_106
A_Incomplete,User_106
O_Cancelled,User_91
A_Accepted,User_132
O_Create Offer,User_132
O_Created,User_132
O_Sent (mail and online),User_132
W_Complete application,User_132
A_Complete,User_132
W_Call incomplete files,User_58
O_Returned,User_134
A_Validating,User_134
W_Call incomplete files,User_133
W_Handle leads,User_138
A_Denied,User_64
O_Refused,User_64
O_Create Offer,User_84
O_Created,User_84
W_Call after offers,User_54
O_Sent (mail and online),User_99
W_Handle leads,User_59
O_Create Offer,User_111
O_Created,User_111
O_Sent (mail and online),User_111
A_Complete,User_111
A_Validating,User_129
O_Returned,User_129
W_Call after offers,User_56
W_Call after offers,User_70
W_Call after offers,User_28
O_Accepted,User_93
A_Pending,User_93
A_Cancelled,User_66
O_Cancelled,User_66
W_Call incomplete files,User_66
W_Validate application,User_129
A_Incomplete,User_129
W_Validate application,User_10
A_Create Application,User_111
A_Concept,User_111
A_Accepted,User_111
W_Complete application,User_111
W_Call after offers,User_132
A_Validating,User_132
W_Validate application,User_132
A_Incomplete,User_132
A_Accepted,User_104
O_Create Offer,User_104
O_Created,User_104
O_Sent (mail and online),User_104
W_Complete application,User_104
A_Complete,User_104
A_Accepted,User_65
O_Create Offer,User_65
O_Created,User_65
O_Sent (mail and online),User_65
A_Complete,User_65
O_Cancelled,User_65
W_Call incomplete files,User_130
A_Denied,User_62
O_Refused,User_62
A_Accepted,User_77
O_Create Offer,User_77
O_Created,User_77
O_Sent (mail and online),User_77
A_Complete,User_77
O_Cancelled,User_77
W_Handle leads,User_65
A_Concept,User_65
W_Complete application,User_77
A_Create Application,User_65
W_Complete application,User_65
W_Validate application,User_48
A_Accepted,User_67
W_Complete application,User_67
A_Complete,User_67
W_Call after offers,User_10
W_Call incomplete files,User_131
W_Validate application,User_61
A_Incomplete,User_61
W_Complete application,User_103
A_Cancelled,User_103
W_Call after offers,User_103
O_Create Offer,User_80
O_Created,User_80
O_Sent (mail and online),User_80
W_Call after offers,User_7
A_Cancelled,User_107
A_Create Application,User_67
A_Concept,User_67
A_Accepted,User_84
O_Sent (mail and online),User_84
W_Complete application,User_84
A_Complete,User_84
A_Denied,User_91
O_Refused,User_91
W_Call after offers,User_37
W_Validate application,User_37
A_Create Application,User_77
A_Concept,User_77
W_Handle leads,User_66
A_Concept,User_66
A_Accepted,User_79
W_Complete application,User_79
A_Complete,User_79
A_Validating,User_67
A_Create Application,User_103
A_Validating,User_103
O_Returned,User_103
W_Complete application,User_138
A_Accepted,User_80
W_Complete application,User_80
A_Complete,User_80
O_Create Offer,User_96
O_Created,User_96
O_Sent (mail and online),User_96
A_Cancelled,User_99
A_Accepted,User_96
A_Complete,User_96
A_Denied,User_77
A_Denied,User_106
O_Refused,User_106
A_Create Application,User_80
A_Concept,User_80
A_Denied,User_67
O_Refused,User_67
W_Call after offers,User_67
A_Create Application,User_66
W_Complete application,User_96
A_Create Application,User_104
A_Concept,User_104
A_Validating,User_65
W_Validate application,User_31
A_Denied,User_55
O_Refused,User_55
A_Validating,User_66
A_Validating,User_64
O_Accepted,User_131
A_Pending,User_131
A_Cancelled,User_77
A_Cancelled,User_80
O_Cancelled,User_80
A_Accepted,User_64
O_Returned,User_53
W_Validate application,User_53
A_Incomplete,User_53
A_Validating,User_139
A_Create Application,User_106
A_Concept,User_106
A_Accepted,User_106
O_Create Offer,User_106
O_Created,User_106
O_Sent (mail and online),User_106
A_Complete,User_106
W_Call after offers,User_106
A_Validating,User_106
A_Incomplete,User_84
A_Validating,User_84
O_Refused,User_52
A_Denied,User_65
O_Refused,User_65
W_Call after offers,User_65
A_Create Application,User_84
A_Concept,User_84
A_Denied,User_84
O_Refused,User_84
W_Validate application,User_134
A_Incomplete,User_134
A_Incomplete,User_63
O_Cancelled,User_131
O_Cancelled,User_79
O_Create Offer,User_118
O_Created,User_118
O_Sent (mail and online),User_118
O_Cancelled,User_96
A_Cancelled,User_96
O_Cancelled,User_84
A_Cancelled,User_84
A_Create Application,User_79
A_Concept,User_79
A_Denied,User_79
A_Create Application,User_96
A_Concept,User_96
A_Denied,User_133
O_Refused,User_133
A_Cancelled,User_129
W_Validate application,User_128
A_Incomplete,User_128
O_Sent (mail and online),User_93
W_Call incomplete files,User_93
W_Call incomplete files,User_56
O_Returned,User_106
A_Accepted,User_69
O_Create Offer,User_69
O_Created,User_69
O_Sent (mail and online),User_69
A_Complete,User_69
O_Returned,User_31
O_Returned,User_140
A_Validating,User_80
W_Validate application,User_80
A_Incomplete,User_80
A_Denied,User_96
O_Refused,User_96
W_Validate application,User_67
A_Incomplete,User_67
W_Handle leads,User_67
W_Handle leads,User_51
A_Validating,User_137
O_Returned,User_137
W_Validate application,User_137
A_Incomplete,User_137
A_Validating,User_79
A_Cancelled,User_123
A_Accepted,User_81
O_Create Offer,User_81
O_Created,User_81
O_Cancelled,User_81
O_Sent (mail and online),User_81
A_Complete,User_81
O_Accepted,User_134
A_Pending,User_134
O_Cancelled,User_134
O_Create Offer,User_133
O_Created,User_133
O_Create Offer,User_72
O_Created,User_72
A_Denied,User_66
O_Refused,User_66
A_Cancelled,User_69
O_Cancelled,User_69
W_Call incomplete files,User_69
W_Validate application,User_140
A_Incomplete,User_140
A_Accepted,User_98
O_Create Offer,User_98
O_Created,User_98
O_Sent (mail and online),User_98
A_Complete,User_98
O_Accepted,User_53
A_Pending,User_53
O_Accepted,User_106
A_Pending,User_106
A_Cancelled,User_79
O_Refused,User_78
W_Complete application,User_98
W_Call incomplete files,User_78
A_Accepted,User_88
O_Create Offer,User_88
O_Created,User_88
O_Sent (mail and online),User_88
W_Complete application,User_88
A_Complete,User_88
A_Accepted,User_72
O_Sent (mail and online),User_72
W_Complete application,User_72
A_Complete,User_72
A_Validating,User_69
O_Create Offer,User_105
O_Created,User_105
O_Sent (mail and online),User_105
W_Complete application,User_81
W_Validate application,User_136
O_Cancelled,User_98
W_Complete application,User_69
A_Concept,User_98
A_Create Application,User_72
A_Concept,User_72
A_Cancelled,User_119
O_Cancelled,User_106
W_Handle leads,User_79
A_Incomplete,User_12
A_Accepted,User_94
O_Create Offer,User_94
O_Created,User_94
O_Sent (mail and online),User_94
A_Complete,User_94
W_Complete application,User_94
A_Accepted,User_135
O_Create Offer,User_135
O_Created,User_135
O_Sent (mail and online),User_135
W_Complete application,User_135
A_Complete,User_135
A_Create Application,User_94
A_Concept,User_94
W_Validate application,User_66
A_Incomplete,User_66
A_Cancelled,User_135
O_Cancelled,User_135
W_Call after offers,User_135
W_Call incomplete files,User_134
A_Incomplete,User_64
A_Cancelled,User_105
O_Cancelled,User_105
O_Accepted,User_137
A_Pending,User_137
O_Cancelled,User_137
A_Cancelled,User_83
W_Handle leads,User_69
A_Concept,User_69
A_Concept,User_81
A_Denied,User_140
O_Refused,User_140
A_Create Application,User_81
W_Handle leads,User_81
A_Accepted,User_105
W_Complete application,User_105
A_Complete,User_105
A_Create Application,User_69
W_Handle leads,User_80
O_Cancelled,User_72
W_Call incomplete files,User_84
W_Handle leads,User_105
A_Concept,User_105
O_Cancelled,User_94
O_Refused,User_79
A_Denied,User_94
O_Refused,User_94
W_Call incomplete files,User_80
A_Denied,User_88
O_Refused,User_88
W_Call after offers,User_88
A_Validating,User_72
W_Validate application,User_72
A_Incomplete,User_72
W_Call after offers,User_105
W_Call incomplete files,User_88
A_Validating,User_88
A_Denied,User_58
O_Refused,User_58
W_Call incomplete files,User_105
A_Validating,User_105
W_Call after offers,User_84
W_Validate application,User_84
A_Create Application,User_88
A_Concept,User_88
A_Denied,User_63
O_Refused,User_63
O_Sent (mail and online),User_142
A_Complete,User_142
A_Cancelled,User_72
A_Incomplete,User_21
W_Call after offers,User_79
A_Denied,User_69
O_Refused,User_69
W_Complete application,User_106
A_Cancelled,User_88
O_Cancelled,User_88
A_Create Application,User_98
A_Create Application,User_105
W_Call after offers,User_77
W_Validate application,User_105
A_Incomplete,User_105
W_Call incomplete files,User_137
